gesture,rep,t_ms,gx,gy,gz
up,1,1,-3.500,-1.312,-0.437
up,1,10,-10.063,0.625,0.625
up,1,21,-14.875,3.313,2.563
up,1,31,-19.937,6.875,5.062
up,1,41,-23.875,9.313,6.000
up,1,51,-26.312,10.500,5.625
up,1,61,-23.500,9.500,4.625
up,1,71,-16.125,7.500,3.875
up,1,81,-4.500,4.750,3.250
up,1,91,0.750,2.438,2.688
up,1,101,-0.750,0.375,2.125
up,1,111,-8.125,-0.937,1.937
up,1,121,-13.688,-1.187,2.250
up,1,131,-17.562,-1.625,3.000
up,1,141,-19.687,-2.688,4.625
up,1,151,-18.875,-4.000,5.750
up,1,161,-16.375,-5.812,6.500
up,1,171,-14.813,-8.313,6.812
up,1,181,-17.687,-10.125,6.875
up,1,191,-23.187,-13.563,7.187
up,1,201,-24.375,-18.000,8.188
up,1,211,-19.687,-23.750,10.250
up,1,221,-5.875,-31.812,13.313
up,1,231,6.062,-37.813,14.438
up,1,241,13.625,-42.750,14.188
up,1,251,17.625,-48.688,12.063
up,1,261,22.812,-54.438,9.313
up,1,271,31.687,-58.625,8.000
up,1,281,43.813,-56.375,10.875
up,1,291,51.250,-49.813,14.313
up,1,301,54.938,-41.500,15.063
up,1,311,52.688,-35.625,13.313
up,1,321,47.750,-29.250,12.313
up,1,331,40.375,-21.000,13.375
up,1,341,36.688,-14.125,13.250
up,1,351,39.125,-4.937,9.750
up,1,361,45.750,9.125,1.125
up,1,371,46.813,17.437,-6.437
up,1,381,45.875,20.312,-12.688
up,1,391,47.938,17.062,-17.250
up,1,401,50.250,13.563,-19.562
up,1,411,53.500,16.750,-24.875
up,1,421,59.938,35.875,-30.625
up,1,431,59.250,58.750,-36.250
up,1,441,43.938,84.438,-42.125
up,1,451,25.187,94.875,-44.813
up,1,461,10.250,92.438,-45.750
up,1,471,13.625,72.938,-49.000
up,1,481,37.688,56.313,-55.625
up,1,491,65.250,50.250,-63.500
up,1,501,81.438,55.000,-70.563
up,1,511,79.375,60.313,-72.500
up,1,521,70.125,65.313,-71.688
up,1,531,52.500,72.688,-68.938
up,1,541,36.500,76.625,-65.250
up,1,551,19.625,76.250,-56.750
up,1,561,8.375,75.500,-45.250
up,1,571,-6.562,77.625,-29.250
up,1,581,-35.438,78.813,-6.812
up,1,591,-56.313,70.875,5.937
up,1,601,-57.125,57.000,9.625
up,1,611,-29.500,42.625,4.500
up,1,621,-4.687,35.375,-2.000
up,1,631,10.813,28.125,-7.312
up,1,641,20.000,18.500,-10.813
up,1,651,21.625,14.063,-11.813
up,1,661,19.187,13.563,-11.438
up,1,671,11.375,14.500,-9.063
up,1,681,0.312,14.125,-4.125
up,1,691,-15.188,12.375,4.875
up,1,701,-22.312,9.750,12.875
up,1,711,-23.937,5.625,19.375
up,1,721,-22.687,-2.125,23.062
up,1,731,-19.750,-10.750,23.000
up,1,741,-15.250,-20.937,23.125
up,1,751,-13.438,-33.375,25.562
up,1,761,-16.625,-41.000,28.562
up,1,771,-19.062,-46.313,31.687
up,1,781,-14.563,-50.813,35.563
up,1,791,-5.875,-53.188,38.813
up,1,801,2.688,-53.500,43.813
up,1,811,3.063,-52.563,47.188
up,1,821,-0.125,-52.625,49.063
up,1,831,0.125,-55.375,50.688
up,1,841,6.812,-57.188,52.563
up,1,851,12.313,-55.875,54.000
up,1,861,5.500,-51.063,53.750
up,1,871,-7.250,-49.188,52.563
up,1,881,-15.188,-50.625,52.813
up,1,891,-12.813,-49.938,57.438
up,1,901,-11.563,-45.438,62.375
up,1,911,-16.375,-44.438,62.563
up,1,921,-23.125,-53.813,57.313
up,1,931,-23.937,-63.375,51.563
up,1,941,-21.687,-65.750,47.188
up,1,951,-24.000,-56.875,46.688
up,1,961,-35.563,-42.813,46.375
up,1,971,-56.625,-27.125,42.375
up,1,981,-66.563,-23.187,37.000
up,1,991,-64.313,-27.875,31.187
up,2,1,-2.438,3.750,0.812
up,2,11,-2.000,4.687,-1.000
up,2,21,0.062,4.437,-2.188
up,2,31,1.250,2.938,-1.750
up,2,41,0.875,1.125,-0.125
up,2,51,-0.250,-1.062,1.312
up,2,61,-2.500,-2.188,1.812
up,2,71,-3.625,-1.000,0.750
up,2,81,-2.750,1.437,-1.125
up,2,91,-2.000,2.125,-1.437
up,2,101,-2.125,1.437,-0.750
up,2,111,-3.000,-0.312,-0.062
up,2,121,-3.813,-1.500,0.187
up,2,131,-4.250,-1.937,0.312
up,2,141,-4.125,-1.500,0.062
up,2,151,-4.250,-1.000,0.062
up,2,161,-4.875,-0.687,0.562
up,2,171,-5.437,-0.375,1.500
up,2,181,-5.000,-0.562,1.812
up,2,191,-3.875,-1.562,1.937
up,2,201,-1.937,-2.625,2.063
up,2,211,-0.812,-3.563,2.125
up,2,221,-1.250,-3.625,1.937
up,2,231,-2.188,-2.563,1.625
up,2,241,-2.938,-1.312,1.187
up,2,251,-4.437,-0.562,0.562
up,2,261,-5.937,-0.750,0.000
up,2,271,-6.062,-1.187,-0.437
up,2,281,-4.000,-1.625,-0.187
up,2,291,-1.750,-1.937,0.625
up,2,301,-0.937,-2.500,1.625
up,2,311,-3.625,-3.188,3.000
up,2,321,-7.250,-3.313,4.187
up,2,331,-10.563,-2.938,5.375
up,2,341,-12.000,-2.813,5.750
up,2,351,-12.625,-3.188,5.562
up,2,361,-11.688,-4.812,5.000
up,2,371,-9.188,-7.750,4.687
up,2,381,-4.687,-12.563,5.000
up,2,391,6.812,-20.312,6.250
up,2,401,24.687,-27.562,5.500
up,2,411,51.563,-37.188,0.187
up,2,421,92.438,-55.875,-13.188
up,2,431,125.625,-67.813,-27.125
up,2,441,151.250,-67.938,-46.938
up,2,451,162.437,-58.500,-60.500
up,2,461,159.187,-45.063,-68.188
up,2,471,155.812,-23.875,-72.375
up,2,481,152.812,-0.812,-78.000
up,2,491,139.437,28.625,-88.125
up,2,501,108.875,70.188,-103.125
up,2,511,87.875,103.250,-114.500
up,2,521,78.438,131.375,-122.500
up,2,531,81.875,154.687,-117.563
up,2,541,93.313,163.750,-108.938
up,2,551,111.438,167.187,-109.938
up,2,561,139.437,172.875,-120.500
up,2,571,158.875,184.125,-125.563
up,2,581,172.500,201.312,-117.375
up,2,591,173.875,210.437,-103.625
up,2,601,168.375,217.187,-96.750
up,2,611,153.625,228.875,-100.938
up,2,621,136.812,236.750,-104.625
up,2,631,114.688,229.187,-107.438
up,2,641,82.625,194.437,-120.875
up,2,651,62.563,175.125,-130.500
up,2,661,51.750,186.000,-113.313
up,2,671,35.563,205.375,-71.313
up,2,681,19.875,189.250,-47.125
up,2,691,9.250,127.375,-31.062
up,2,701,-0.187,69.875,-21.375
up,2,711,-15.563,26.500,-9.500
up,2,721,-48.438,-4.375,8.563
up,2,731,-73.500,-21.750,22.125
up,2,741,-85.563,-37.000,29.562
up,2,751,-78.813,-54.563,30.500
up,2,761,-61.250,-62.500,31.562
up,2,771,-42.438,-60.438,34.750
up,2,781,-26.312,-52.000,38.063
up,2,791,-19.250,-48.688,39.188
up,2,801,-16.375,-49.063,40.188
up,2,811,-15.500,-50.250,42.000
up,2,821,-14.438,-51.250,44.063
up,2,831,-15.688,-56.375,48.125
up,2,841,-22.812,-64.063,54.000
up,2,851,-35.125,-71.563,64.000
up,2,861,-52.000,-78.188,79.438
up,2,871,-59.813,-83.313,88.000
up,2,881,-59.500,-88.500,90.813
up,2,891,-52.813,-92.938,91.750
up,2,901,-48.813,-94.188,94.563
up,2,911,-48.625,-94.188,98.563
up,2,921,-54.063,-93.438,102.500
up,2,931,-62.500,-93.625,104.125
up,2,941,-72.875,-99.563,105.250
up,2,951,-81.563,-112.813,106.250
up,2,961,-77.125,-135.562,106.875
up,2,971,-55.875,-169.687,104.125
up,2,981,-40.375,-182.125,99.375
up,2,991,-44.563,-180.625,98.063
up,3,1,-8.563,7.937,-4.687
up,3,10,-7.937,6.375,-4.687
up,3,21,-6.562,3.625,-4.000
up,3,31,-5.312,2.063,-3.563
up,3,41,-3.813,1.312,-3.375
up,3,51,-3.063,1.375,-3.438
up,3,61,-3.500,1.937,-4.250
up,3,71,-3.813,2.438,-5.625
up,3,81,-3.750,2.375,-6.875
up,3,91,-3.500,1.437,-6.812
up,3,101,-1.437,-1.500,-5.312
up,3,111,2.125,-4.687,-3.125
up,3,121,4.312,-6.750,-0.875
up,3,131,2.063,-7.125,0.750
up,3,141,0.750,-9.125,1.000
up,3,151,5.500,-18.187,0.937
up,3,161,18.437,-41.750,4.187
up,3,171,25.812,-64.500,10.750
up,3,181,30.250,-81.938,17.562
up,3,191,42.063,-97.625,22.937
up,3,201,59.000,-108.750,24.500
up,3,211,75.063,-113.188,18.625
up,3,221,75.625,-102.688,4.625
up,3,231,58.188,-81.813,-15.063
up,3,241,35.188,-52.250,-40.125
up,3,251,30.187,-33.125,-57.250
up,3,261,39.875,-21.125,-71.938
up,3,271,70.438,-10.438,-87.500
up,3,281,101.938,6.312,-95.625
up,3,291,122.688,34.938,-98.563
up,3,301,117.063,75.500,-99.000
up,3,311,97.000,100.875,-99.125
up,3,321,80.125,116.938,-80.813
up,3,331,70.313,126.438,-85.375
up,3,341,63.938,131.312,-72.438
up,3,351,53.313,141.437,-63.188
up,3,361,45.688,152.375,-72.063
up,3,371,42.438,160.250,-91.938
up,3,381,47.250,150.687,-83.688
up,3,391,49.125,123.875,-59.625
up,3,401,44.125,99.813,-48.000
up,3,411,32.188,93.938,-44.000
up,3,421,25.750,99.438,-34.875
up,3,431,21.187,101.688,-21.500
up,3,441,2.313,101.563,-7.062
up,3,451,-30.312,106.625,2.000
up,3,461,-88.063,120.313,10.813
up,3,471,-115.750,129.750,12.125
up,3,481,-130.062,131.625,5.750
up,3,491,-116.688,118.875,-9.563
up,3,501,-85.563,96.875,-21.375
up,3,511,-47.438,66.688,-30.562
up,3,521,-6.437,25.750,-38.813
up,3,531,16.625,-2.313,-41.688
up,3,541,31.562,-23.812,-40.000
up,3,551,36.313,-42.438,-32.250
up,3,561,29.750,-50.000,-24.937
up,3,571,20.312,-48.438,-18.437
up,3,581,9.750,-34.313,-10.375
up,3,591,2.375,-22.500,-4.500
up,3,601,0.312,-22.125,-0.875
up,3,611,11.125,-33.375,0.562
up,3,621,30.187,-47.500,4.125
up,3,631,46.688,-60.313,15.063
up,3,641,40.813,-62.938,28.750
up,3,651,18.750,-56.625,43.625
up,3,661,-12.750,-39.125,57.125
up,3,671,-24.312,-24.437,59.813
up,3,681,-18.875,-14.375,55.563
up,3,691,1.500,-8.813,44.250
up,3,701,17.687,-6.312,33.563
up,3,711,28.437,-2.563,22.875
up,3,721,35.438,-2.125,19.875
up,3,731,38.250,-8.375,23.437
up,3,741,37.250,-23.937,36.875
up,3,751,26.312,-35.000,52.063
up,3,761,2.125,-38.500,67.313
up,3,771,-35.313,-31.312,80.250
up,3,781,-54.375,-21.500,81.000
up,3,791,-56.375,-13.688,73.313
up,3,801,-43.375,-10.813,63.750
up,3,811,-35.875,-8.875,58.250
up,3,821,-39.750,-8.500,33.313
up,3,831,-51.000,-20.250,39.563
up,3,841,-52.250,-40.188,41.750
up,3,851,-37.500,-72.000,48.188
up,3,861,-13.688,-93.688,41.875
up,3,871,15.438,-100.063,28.000
up,3,881,22.875,-98.375,10.313
up,3,891,-8.000,-99.938,4.437
up,3,901,-50.563,-100.500,9.313
up,3,911,-84.000,-93.563,21.687
up,3,921,-85.250,-83.938,32.375
up,3,931,-70.063,-74.375,44.500
up,3,941,-47.813,-65.000,57.375
up,3,951,-40.250,-55.313,62.125
up,3,961,-61.125,-34.063,61.563
up,3,971,-65.313,-15.313,58.750
up,3,981,-84.375,-5.687,55.500
up,3,991,-93.688,-7.937,45.750
up,4,1,-8.500,17.625,0.812
up,4,11,-10.813,18.562,-3.688
up,4,21,-11.250,20.062,-11.438
up,4,31,-12.750,23.375,-12.563
up,4,41,-13.563,25.687,-8.313
up,4,51,-8.500,19.687,-6.875
up,4,61,-3.688,9.625,-14.500
up,4,71,-0.187,1.437,-28.375
up,4,81,13.875,0.812,-32.688
up,4,91,37.750,1.562,-24.812
up,4,101,61.813,2.313,-7.625
up,4,111,36.750,8.875,-11.938
up,4,121,-8.563,11.563,-22.375
up,4,131,-11.063,-4.812,-17.812
up,4,141,23.125,-13.250,-13.938
up,4,151,53.688,-6.000,-23.062
up,4,161,80.750,9.063,-47.688
up,4,171,103.250,15.938,-64.000
up,4,181,121.375,19.250,-70.438
up,4,191,122.563,20.000,-67.125
up,4,201,105.688,24.437,-59.125
up,4,211,72.500,41.188,-47.875
up,4,221,45.188,50.313,-36.563
up,4,231,23.625,45.750,-22.187
up,4,241,4.250,26.625,-4.750
up,4,251,-8.438,11.063,6.812
up,4,261,-12.813,0.000,12.938
up,4,271,13.750,-17.500,3.875
up,4,281,70.688,-41.000,-14.125
up,4,291,138.562,-54.375,-26.062
up,4,301,183.187,-25.687,-25.562
up,4,311,172.750,23.187,-24.000
up,4,321,136.687,81.125,-33.500
up,4,331,80.000,120.750,-47.500
up,4,341,39.000,160.750,-61.250
up,4,351,8.688,204.375,-75.875
up,4,361,9.250,222.687,-86.563
up,4,371,27.375,221.125,-96.750
up,4,381,51.750,196.562,-106.313
up,4,391,59.000,168.437,-106.750
up,4,401,55.313,138.000,-97.250
up,4,411,46.438,100.000,-76.688
up,4,421,41.500,77.688,-59.250
up,4,431,36.313,66.563,-43.625
up,4,441,28.687,60.875,-31.187
up,4,451,25.375,55.125,-28.375
up,4,461,28.000,42.813,-30.062
up,4,471,32.438,29.937,-32.000
up,4,481,34.500,17.125,-32.250
up,4,491,32.438,3.188,-26.750
up,4,501,29.375,-5.500,-17.687
up,4,511,26.312,-11.063,-7.625
up,4,521,21.750,-17.187,4.812
up,4,531,15.188,-21.937,13.563
up,4,541,5.562,-26.375,18.375
up,4,551,-2.813,-34.250,17.312
up,4,561,0.750,-42.125,15.813
up,4,571,11.875,-47.813,17.187
up,4,581,22.062,-47.500,19.687
up,4,591,20.437,-44.250,22.687
up,4,601,9.313,-36.625,26.125
up,4,611,-2.375,-28.937,26.562
up,4,621,-13.625,-22.812,23.937
up,4,631,-19.312,-19.312,19.562
up,4,641,-11.250,-18.750,18.562
up,4,651,4.562,-18.875,20.625
up,4,661,16.937,-18.062,23.625
up,4,671,10.063,-16.062,23.812
up,4,681,-7.625,-14.750,23.437
up,4,691,-24.187,-17.687,26.562
up,4,701,-22.750,-23.812,33.500
up,4,711,-10.188,-33.938,46.313
up,4,721,-1.375,-40.938,55.938
up,4,731,-0.187,-44.188,59.375
up,4,741,-12.250,-42.500,53.500
up,4,751,-24.125,-37.750,48.063
up,4,761,-26.625,-31.562,47.438
up,4,771,-14.063,-27.750,52.750
up,4,781,-2.375,-34.250,60.563
up,4,791,1.062,-48.125,69.500
up,4,801,-9.313,-65.125,74.938
up,4,811,-24.687,-74.000,73.563
up,4,821,-37.250,-80.188,69.625
up,4,831,-40.250,-79.688,67.438
up,4,841,-36.125,-71.625,64.813
up,4,851,-30.187,-54.000,56.563
up,4,861,-21.125,-46.875,47.813
up,4,871,-5.687,-52.188,42.375
up,4,881,7.937,-63.813,42.500
up,4,891,-0.750,-69.875,42.938
up,4,901,-22.062,-68.500,44.063
up,4,911,-51.875,-53.688,51.000
up,4,921,-75.188,-36.438,56.000
up,4,931,-93.500,-22.937,53.563
up,4,941,-97.750,-15.563,41.438
up,4,951,-87.250,-11.375,31.000
up,4,961,-73.688,0.437,21.937
up,4,971,-72.625,12.813,16.250
up,4,981,-79.188,21.312,8.813
up,4,991,-85.938,23.687,0.687
up,5,1,-3.938,-3.375,1.500
up,5,10,-6.500,-1.937,0.375
up,5,21,-7.062,-0.750,-0.625
up,5,31,-5.062,-0.750,-1.500
up,5,41,-2.813,-1.812,-1.750
up,5,51,-1.625,-2.875,-1.625
up,5,61,-1.500,-4.250,-1.250
up,5,71,-0.375,-5.625,-0.437
up,5,81,1.375,-6.875,0.375
up,5,91,0.562,-7.437,-0.125
up,5,101,-1.312,-9.125,-1.250
up,5,111,-0.562,-14.813,-2.313
up,5,121,3.000,-21.562,-3.000
up,5,131,8.000,-29.250,-4.187
up,5,141,17.437,-42.125,-5.437
up,5,151,30.687,-56.313,-6.000
up,5,161,51.250,-70.375,-5.812
up,5,171,80.125,-78.313,-5.062
up,5,181,95.063,-75.250,-7.875
up,5,191,98.438,-68.750,-15.188
up,5,201,93.625,-60.000,-25.187
up,5,211,92.125,-49.688,-30.125
up,5,221,96.313,-25.687,-32.313
up,5,231,92.688,3.563,-35.688
up,5,241,75.250,33.000,-44.938
up,5,251,51.500,54.063,-61.375
up,5,261,53.188,55.938,-71.188
up,5,271,76.000,50.188,-74.563
up,5,281,106.500,46.750,-72.938
up,5,291,112.875,53.313,-70.375
up,5,301,103.125,63.750,-66.375
up,5,311,78.500,74.125,-57.875
up,5,321,53.750,79.563,-47.938
up,5,331,29.750,84.125,-34.063
up,5,341,11.500,85.250,-24.312
up,5,351,9.625,83.688,-16.812
up,5,361,16.750,83.000,-9.875
up,5,371,18.375,87.563,-7.375
up,5,381,9.625,92.688,-8.188
up,5,391,-2.813,93.875,-10.563
up,5,401,-3.563,95.250,-12.375
up,5,411,-1.937,101.688,-15.125
up,5,421,-8.438,113.688,-19.250
up,5,431,-20.937,120.938,-19.500
up,5,441,-36.500,119.750,-15.875
up,5,451,-56.188,101.063,-9.563
up,5,461,-66.438,78.313,-4.687
up,5,471,-58.500,51.875,-2.500
up,5,481,-30.375,33.375,-7.062
up,5,491,8.000,18.187,-13.750
up,5,501,44.375,8.375,-17.562
up,5,511,54.000,7.937,-17.687
up,5,521,54.000,10.313,-18.062
up,5,531,49.750,12.688,-19.875
up,5,541,38.188,13.250,-22.875
up,5,551,20.375,12.125,-26.312
up,5,561,3.875,5.562,-28.625
up,5,571,2.000,-5.125,-28.500
up,5,581,8.375,-19.937,-24.937
up,5,591,18.312,-28.000,-19.375
up,5,601,20.875,-32.188,-12.438
up,5,611,14.188,-34.000,-3.750
up,5,621,5.562,-34.375,2.188
up,5,631,-1.437,-34.875,6.812
up,5,641,-7.500,-34.750,10.563
up,5,651,-10.500,-33.938,12.813
up,5,661,-9.875,-34.063,15.125
up,5,671,-4.687,-37.625,18.812
up,5,681,-1.812,-42.188,22.937
up,5,691,-3.375,-45.313,27.437
up,5,701,-9.438,-46.000,31.000
up,5,711,-10.875,-44.938,31.312
up,5,721,-1.687,-39.938,31.000
up,5,731,7.000,-30.562,31.437
up,5,741,4.250,-17.562,30.000
up,5,751,-15.750,-4.062,23.937
up,5,761,-30.625,-0.687,19.687
up,5,771,-34.750,-4.062,18.687
up,5,781,-25.000,-14.688,21.125
up,5,791,-10.250,-28.125,23.812
up,5,801,6.437,-46.063,25.812
up,5,811,22.875,-68.250,29.437
up,5,821,25.562,-77.688,35.563
up,5,831,14.563,-76.875,44.625
up,5,841,-15.438,-71.313,53.625
up,5,851,-40.000,-60.563,60.500
up,5,861,-56.188,-41.875,57.563
up,5,871,-54.813,-34.000,48.375
up,5,881,-45.063,-39.313,39.125
up,5,891,-30.562,-54.125,37.250
up,5,901,-24.375,-60.688,39.063
up,5,911,-26.500,-57.313,37.375
up,5,921,-38.688,-43.938,34.688
up,5,931,-49.250,-39.563,32.375
up,5,941,-51.000,-48.625,28.875
up,5,951,-37.250,-64.875,27.250
up,5,961,-27.125,-65.875,30.062
up,5,971,-38.625,-58.500,41.500
up,5,981,-68.188,-55.438,52.813
up,5,991,-104.000,-53.938,59.750
up,6,1,-3.813,-6.500,-1.875
up,6,11,-2.813,-7.000,-2.313
up,6,21,-1.687,-8.688,-1.937
up,6,31,-2.063,-11.125,-1.750
up,6,41,-2.313,-15.125,-2.000
up,6,51,0.937,-25.687,-2.313
up,6,61,7.875,-40.250,-2.438
up,6,71,17.375,-59.000,-3.063
up,6,81,32.000,-84.625,-4.187
up,6,91,45.875,-102.625,-4.312
up,6,101,60.500,-114.125,-4.937
up,6,111,76.313,-113.313,-7.562
up,6,121,81.938,-96.625,-11.500
up,6,131,71.625,-59.313,-19.250
up,6,141,51.750,-27.000,-30.062
up,6,151,35.500,-2.188,-43.313
up,6,161,36.188,13.813,-57.250
up,6,171,48.875,18.062,-64.188
up,6,181,62.625,21.250,-69.063
up,6,191,76.813,27.437,-75.500
up,6,201,84.875,31.375,-80.188
up,6,211,88.000,33.063,-81.938
up,6,221,83.750,36.625,-78.813
up,6,231,76.250,44.313,-75.000
up,6,241,65.563,60.438,-71.750
up,6,251,58.438,75.625,-70.813
up,6,261,56.563,86.813,-70.875
up,6,271,61.875,95.875,-70.563
up,6,281,69.000,104.875,-69.000
up,6,291,76.313,118.125,-66.375
up,6,301,83.563,139.375,-63.063
up,6,311,87.938,156.937,-59.063
up,6,321,89.813,172.625,-52.625
up,6,331,78.500,185.000,-44.438
up,6,341,51.063,185.250,-42.375
up,6,351,14.688,180.437,-46.125
up,6,361,-20.812,177.000,-50.688
up,6,371,-33.688,175.437,-52.938
up,6,381,-36.500,167.750,-49.375
up,6,391,-36.750,157.562,-41.563
up,6,401,-41.375,146.062,-31.625
up,6,411,-53.188,128.625,-19.750
up,6,421,-62.125,109.813,-13.188
up,6,431,-64.188,86.813,-10.500
up,6,441,-52.125,56.938,-10.438
up,6,451,-31.625,35.688,-9.688
up,6,461,-8.188,17.562,-7.375
up,6,471,9.375,0.062,-5.500
up,6,481,10.438,-8.813,-7.750
up,6,491,7.625,-15.500,-12.438
up,6,501,9.250,-20.812,-13.438
up,6,511,12.250,-28.000,-11.563
up,6,521,14.000,-38.125,-8.125
up,6,531,15.125,-44.313,-5.687
up,6,541,16.562,-47.375,-3.188
up,6,551,15.938,-46.875,0.375
up,6,561,11.500,-44.063,3.188
up,6,571,3.000,-41.250,5.125
up,6,581,-9.250,-39.500,7.125
up,6,591,-13.625,-38.500,10.313
up,6,601,-11.938,-36.875,16.750
up,6,611,-14.250,-33.875,20.625
up,6,621,-26.812,-30.437,20.312
up,6,631,-43.875,-24.312,16.625
up,6,641,-48.813,-18.875,15.250
up,6,651,-45.938,-15.375,16.250
up,6,661,-32.938,-17.125,18.812
up,6,671,-14.438,-23.875,21.687
up,6,681,6.125,-32.375,25.562
up,6,691,18.500,-41.500,30.500
up,6,701,10.438,-47.125,32.938
up,6,711,-7.875,-51.313,33.938
up,6,721,-27.375,-54.813,35.563
up,6,731,-30.500,-55.563,39.188
up,6,741,-23.687,-53.375,45.688
up,6,751,-19.875,-49.688,49.125
up,6,761,-20.187,-45.500,49.500
up,6,771,-19.437,-42.625,48.250
up,6,781,-15.688,-43.188,48.063
up,6,791,-13.375,-46.063,48.563
up,6,801,-16.937,-52.625,48.313
up,6,811,-21.000,-59.188,46.625
up,6,821,-19.062,-65.375,45.188
up,6,831,-8.250,-67.563,46.188
up,6,841,-3.688,-65.250,49.063
up,6,851,-12.563,-70.750,50.313
up,6,861,-28.312,-81.750,51.438
up,6,871,-30.187,-78.563,56.188
up,6,881,-27.812,-61.125,61.500
up,6,891,-35.938,-47.938,58.125
up,6,901,-53.250,-38.688,49.563
up,6,911,-73.938,-26.937,41.500
up,6,921,-79.313,-19.875,39.500
up,6,931,-72.813,-21.437,39.750
up,6,941,-59.938,-30.625,41.500
up,6,951,-54.938,-34.188,42.938
up,6,961,-54.188,-33.063,42.938
up,6,971,-55.750,-30.250,40.000
up,6,981,-59.125,-30.250,36.813
up,6,991,-63.625,-31.625,33.625
up,7,1,-1.812,-6.437,-0.937
up,7,11,-0.812,-10.313,-2.188
up,7,21,0.875,-14.563,-2.750
up,7,31,3.875,-19.562,-2.313
up,7,41,7.250,-23.187,-1.687
up,7,51,10.438,-28.062,-1.812
up,7,61,14.563,-39.688,-3.688
up,7,71,19.312,-53.563,-5.437
up,7,81,26.187,-67.688,-5.687
up,7,91,38.125,-78.563,-3.563
up,7,101,45.125,-77.188,-0.250
up,7,111,42.250,-62.563,3.250
up,7,121,34.938,-46.563,0.562
up,7,131,30.812,-31.937,-8.688
up,7,141,32.625,-14.000,-23.875
up,7,151,34.438,2.938,-32.000
up,7,161,32.125,19.937,-36.313
up,7,171,32.750,34.063,-43.813
up,7,181,46.688,39.625,-53.750
up,7,191,69.188,45.063,-64.375
up,7,201,94.125,55.438,-76.000
up,7,211,105.875,63.000,-84.313
up,7,221,110.938,67.188,-92.125
up,7,231,112.250,73.250,-93.500
up,7,241,109.313,84.063,-88.813
up,7,251,92.375,102.500,-78.063
up,7,261,65.875,115.063,-69.875
up,7,271,36.438,123.813,-62.375
up,7,281,6.687,132.312,-52.438
up,7,291,-13.125,137.312,-43.500
up,7,301,-31.562,137.312,-33.938
up,7,311,-45.188,126.188,-23.812
up,7,321,-42.375,111.500,-18.000
up,7,331,-29.625,99.375,-12.375
up,7,341,-13.938,94.688,-4.375
up,7,351,-11.063,96.438,1.500
up,7,361,-20.625,98.500,3.313
up,7,371,-36.125,98.125,-2.750
up,7,381,-52.375,95.313,-13.438
up,7,391,-58.500,87.438,-24.562
up,7,401,-47.500,76.063,-28.437
up,7,411,-28.062,60.000,-30.125
up,7,421,-0.500,39.250,-32.938
up,7,431,20.125,27.250,-35.750
up,7,441,36.750,19.250,-37.313
up,7,451,46.125,10.250,-36.688
up,7,461,42.875,1.500,-34.563
up,7,471,35.750,-8.313,-28.750
up,7,481,30.000,-20.000,-20.250
up,7,491,28.562,-28.250,-8.875
up,7,501,27.562,-34.938,5.937
up,7,511,23.500,-35.813,15.000
up,7,521,13.563,-34.813,20.000
up,7,531,0.937,-37.750,21.187
up,7,541,2.875,-45.563,19.937
up,7,551,18.562,-56.750,19.312
up,7,561,46.375,-69.500,22.687
up,7,571,62.250,-73.250,28.812
up,7,581,62.438,-68.375,35.625
up,7,591,41.813,-55.313,42.938
up,7,601,19.500,-46.375,48.250
up,7,611,-3.813,-40.938,53.750
up,7,621,-19.000,-41.250,55.938
up,7,631,-31.687,-45.500,55.875
up,7,641,-37.813,-51.188,54.313
up,7,651,-33.375,-51.688,52.938
up,7,661,-25.500,-49.625,52.375
up,7,671,-17.250,-46.438,50.688
up,7,681,-14.563,-44.875,47.063
up,7,691,-17.437,-45.813,43.063
up,7,701,-25.375,-48.563,39.375
up,7,711,-28.500,-52.000,37.313
up,7,721,-23.875,-58.688,36.188
up,7,731,-9.125,-64.688,37.813
up,7,741,-1.437,-62.250,43.375
up,7,751,-17.125,-70.000,46.938
up,7,761,-39.875,-78.625,46.125
up,7,771,-53.750,-71.688,48.375
up,7,781,-57.313,-54.875,50.625
up,7,791,-55.875,-54.500,45.750
up,7,801,-52.313,-62.563,38.813
up,7,811,-47.000,-65.625,38.313
up,7,821,-46.750,-56.563,44.063
up,7,831,-53.250,-41.125,48.500
up,7,841,-70.375,-21.687,46.000
up,7,851,-86.063,-11.563,39.625
up,7,861,-96.375,-7.500,32.563
up,7,871,-90.688,-6.937,30.562
up,7,881,-77.813,-3.438,31.937
up,7,891,-73.500,8.438,34.563
up,7,901,-85.063,21.250,34.750
up,7,911,-98.875,32.313,33.250
up,7,921,-102.250,39.125,31.437
up,7,931,-93.188,37.938,30.250
up,7,941,-80.188,33.188,27.375
up,7,951,-64.125,27.500,20.062
up,7,961,-52.188,24.062,11.563
up,7,971,-41.625,19.687,-0.250
up,7,981,-31.437,12.125,-8.625
up,7,991,-23.312,7.625,-13.500
up,8,1,-7.187,0.062,3.250
up,8,11,-5.375,-0.625,2.688
up,8,21,-2.938,-1.687,2.375
up,8,31,-2.000,-3.000,1.750
up,8,41,-2.625,-3.625,0.500
up,8,51,-3.375,-4.125,-2.188
up,8,61,-1.812,-5.062,-4.187
up,8,71,2.375,-7.125,-5.062
up,8,81,7.812,-11.188,-4.687
up,8,91,8.688,-15.000,-4.062
up,8,101,6.062,-18.375,-3.875
up,8,111,0.562,-21.312,-4.812
up,8,121,-1.875,-24.187,-6.875
up,8,131,2.750,-28.812,-9.188
up,8,141,17.500,-37.500,-10.188
up,8,151,27.687,-47.375,-9.250
up,8,161,33.938,-58.250,-8.563
up,8,171,44.000,-68.188,-9.875
up,8,181,52.250,-68.688,-12.563
up,8,191,53.938,-55.750,-17.000
up,8,201,48.625,-38.750,-21.750
up,8,211,44.563,-22.625,-27.187
up,8,221,48.813,-5.937,-33.188
up,8,231,55.188,8.063,-36.188
up,8,241,54.813,23.187,-39.000
up,8,251,44.250,39.063,-45.438
up,8,261,40.250,48.500,-53.063
up,8,271,50.375,56.125,-60.875
up,8,281,76.750,60.625,-67.563
up,8,291,97.250,58.125,-69.750
up,8,301,115.250,53.438,-68.500
up,8,311,133.562,60.188,-63.688
up,8,321,134.250,81.813,-56.375
up,8,331,112.000,116.125,-48.875
up,8,341,91.313,137.437,-46.938
up,8,351,82.500,150.875,-47.875
up,8,361,89.938,159.000,-47.313
up,8,371,102.188,163.125,-42.500
up,8,381,112.188,170.062,-34.250
up,8,391,120.688,182.562,-20.062
up,8,401,129.750,190.687,-6.937
up,8,411,136.812,193.875,2.625
up,8,421,121.563,194.812,-0.812
up,8,431,84.875,199.187,-16.812
up,8,441,28.000,208.937,-42.188
up,8,451,-12.000,213.937,-58.500
up,8,461,-41.563,212.250,-68.688
up,8,471,-61.313,199.062,-74.188
up,8,481,-65.250,179.937,-72.688
up,8,491,-61.000,157.187,-65.500
up,8,501,-46.438,129.687,-51.625
up,8,511,-28.125,108.375,-40.563
up,8,521,-5.562,84.813,-34.563
up,8,531,12.063,51.438,-39.250
up,8,541,7.312,26.812,-49.625
up,8,551,-5.687,3.750,-60.125
up,8,561,-12.500,-9.375,-62.000
up,8,571,-8.250,-21.312,-60.563
up,8,581,-3.000,-37.375,-57.813
up,8,591,0.312,-51.250,-53.688
up,8,601,6.875,-66.063,-47.250
up,8,611,17.625,-87.688,-39.188
up,8,621,27.437,-105.438,-35.375
up,8,631,41.438,-114.625,-32.813
up,8,641,56.188,-113.000,-23.687
up,8,651,52.500,-110.000,-10.438
up,8,661,36.000,-108.875,4.000
up,8,671,14.938,-105.688,19.375
up,8,681,1.937,-98.563,29.500
up,8,691,-19.500,-85.813,42.063
up,8,701,-41.250,-74.688,53.000
up,8,711,-59.500,-63.813,63.375
up,8,721,-71.500,-51.813,68.813
up,8,731,-71.500,-44.188,63.313
up,8,741,-60.875,-39.438,51.375
up,8,751,-32.813,-39.813,37.313
up,8,761,-7.187,-46.688,33.563
up,8,771,11.063,-57.625,36.813
up,8,781,17.062,-69.375,45.063
up,8,791,8.813,-73.500,51.563
up,8,801,-12.688,-74.250,58.375
up,8,811,-30.187,-74.563,62.750
up,8,821,-41.063,-74.625,63.875
up,8,831,-42.938,-72.125,63.250
up,8,841,-42.938,-76.500,68.813
up,8,851,-48.625,-88.375,76.188
up,8,861,-60.438,-99.438,77.125
up,8,871,-66.500,-100.000,74.188
up,8,881,-66.750,-96.688,72.500
up,8,891,-61.438,-92.438,67.813
up,8,901,-53.125,-87.688,62.875
up,8,911,-42.125,-87.375,55.313
up,8,921,-28.812,-104.375,42.625
up,8,931,-16.000,-120.000,32.813
up,8,941,-3.688,-109.125,37.875
up,8,951,-13.938,-76.750,47.313
up,8,961,-44.688,-45.125,48.250
up,8,971,-80.313,-25.000,34.563
up,8,981,-83.625,-19.375,21.312
up,8,991,-70.500,-14.063,14.313
up,9,1,-1.562,-0.750,2.500
up,9,10,-3.188,-0.375,2.500
up,9,21,-3.938,0.375,2.063
up,9,31,-3.188,0.875,1.750
up,9,41,-2.313,0.812,1.562
up,9,51,-1.000,0.500,1.187
up,9,61,-0.812,0.500,1.000
up,9,71,-2.188,0.500,1.000
up,9,81,-3.938,0.250,1.125
up,9,91,-3.438,0.187,1.187
up,9,101,-1.687,0.250,0.937
up,9,111,-0.375,0.312,-0.375
up,9,121,-0.937,0.187,-1.875
up,9,131,-1.812,-0.250,-3.000
up,9,141,-0.687,-2.000,-3.500
up,9,151,2.313,-5.812,-4.062
up,9,161,5.687,-10.375,-5.937
up,9,171,8.188,-13.938,-8.000
up,9,181,9.375,-17.375,-10.625
up,9,191,11.813,-25.187,-14.125
up,9,201,16.812,-32.563,-15.188
up,9,211,26.562,-39.125,-13.813
up,9,221,38.000,-43.688,-11.438
up,9,231,40.563,-43.000,-12.750
up,9,241,39.250,-38.000,-16.625
up,9,251,35.938,-25.750,-18.625
up,9,261,34.063,-12.813,-17.125
up,9,271,34.813,-0.250,-15.875
up,9,281,37.750,12.875,-16.687
up,9,291,36.563,23.000,-22.000
up,9,301,31.750,35.375,-37.000
up,9,311,34.500,42.750,-51.938
up,9,321,49.688,45.125,-65.625
up,9,331,83.125,40.813,-80.313
up,9,341,115.438,33.688,-89.688
up,9,351,146.250,27.250,-92.563
up,9,361,173.312,28.437,-83.938
up,9,371,184.437,40.500,-71.750
up,9,381,183.812,62.125,-60.750
up,9,391,148.250,102.063,-58.625
up,9,401,99.875,140.437,-65.625
up,9,411,67.313,174.687,-71.125
up,9,421,70.500,196.875,-69.563
up,9,431,93.875,195.250,-67.688
up,9,441,125.813,176.125,-69.750
up,9,451,143.375,154.375,-74.438
up,9,461,147.187,133.000,-78.375
up,9,471,124.750,112.563,-76.375
up,9,481,86.563,100.875,-69.125
up,9,491,41.875,91.813,-59.500
up,9,501,-6.937,81.625,-47.875
up,9,511,-36.938,71.125,-40.375
up,9,521,-58.875,60.188,-33.688
up,9,531,-73.625,50.875,-25.125
up,9,541,-77.000,44.813,-19.062
up,9,551,-74.500,36.250,-15.063
up,9,561,-68.938,31.000,-15.688
up,9,571,-61.938,25.312,-18.562
up,9,581,-54.875,13.188,-22.125
up,9,591,-51.313,2.000,-24.625
up,9,601,-47.750,-6.687,-26.812
up,9,611,-41.188,-13.813,-27.312
up,9,621,-34.000,-19.375,-24.687
up,9,631,-25.812,-26.687,-19.812
up,9,641,-15.813,-38.000,-13.125
up,9,651,-8.875,-47.500,-9.250
up,9,661,-4.062,-54.500,-6.250
up,9,671,-1.750,-57.375,-4.000
up,9,681,0.437,-57.250,-0.687
up,9,691,6.312,-57.313,5.562
up,9,701,11.188,-56.500,12.063
up,9,711,12.563,-53.125,18.937
up,9,721,8.000,-44.625,26.812
up,9,731,2.250,-35.125,32.938
up,9,741,-5.500,-23.875,38.500
up,9,751,-18.375,-9.375,43.375
up,9,761,-27.937,0.875,45.750
up,9,771,-36.188,9.063,46.250
up,9,781,-46.188,14.063,44.000
up,9,791,-49.375,10.250,40.625
up,9,801,-38.813,-6.000,38.063
up,9,811,-21.187,-23.687,40.000
up,9,821,-3.563,-39.188,45.188
up,9,831,7.250,-48.813,52.313
up,9,841,1.687,-48.188,55.688
up,9,851,-14.938,-43.375,56.688
up,9,861,-37.813,-35.688,54.125
up,9,871,-50.750,-34.188,49.375
up,9,881,-58.125,-41.500,45.438
up,9,891,-58.563,-56.938,44.500
up,9,901,-51.063,-64.313,46.500
up,9,911,-39.063,-63.438,51.125
up,9,921,-26.812,-54.625,54.813
up,9,931,-27.062,-45.625,56.813
up,9,941,-42.813,-35.000,53.688
up,9,951,-57.750,-30.562,47.313
up,9,961,-65.438,-43.063,39.625
up,9,971,-60.813,-79.875,30.312
up,9,981,-49.000,-100.000,24.875
up,9,991,-40.750,-98.250,22.312
up,10,0,17.937,2.000,4.000
up,10,10,15.563,3.313,3.000
up,10,21,13.688,3.875,1.062
up,10,31,4.937,4.812,1.000
up,10,41,-7.562,5.687,2.375
up,10,51,-19.187,5.500,4.187
up,10,61,-27.750,5.437,7.250
up,10,71,-29.500,8.438,11.250
up,10,81,-26.500,15.688,16.625
up,10,91,-18.000,27.625,23.437
up,10,101,-6.000,38.250,30.312
up,10,111,17.062,48.438,43.625
up,10,121,55.750,58.563,56.500
up,10,131,79.250,63.813,66.313
up,10,141,85.500,61.563,66.750
up,10,151,75.000,46.063,57.125
up,10,161,55.875,16.437,43.625
up,10,171,26.187,-27.812,30.187
up,10,181,8.938,-57.688,26.062
up,10,191,1.000,-78.188,27.937
up,10,201,-7.750,-89.500,34.125
up,10,211,-16.875,-93.313,37.500
up,10,221,-19.375,-99.813,37.875
up,10,231,-0.250,-116.188,37.625
up,10,241,31.000,-132.187,39.625
up,10,251,67.063,-144.375,42.938
up,10,261,79.188,-144.437,44.000
up,10,271,79.125,-139.562,45.125
up,10,281,72.625,-133.937,48.938
up,10,291,62.750,-128.562,51.375
up,10,301,49.500,-119.875,50.688
up,10,311,32.375,-107.938,45.625
up,10,321,20.500,-100.938,38.813
up,10,331,11.188,-93.438,29.437
up,10,341,-0.125,-77.938,14.313
up,10,351,-10.125,-61.813,2.563
up,10,361,-17.062,-44.188,-3.000
up,10,371,-20.125,-35.938,2.688
up,10,381,-22.937,-33.125,14.875
up,10,391,-25.250,-34.375,31.750
up,10,401,-22.937,-36.313,41.500
up,10,411,-17.187,-37.813,46.250
up,10,421,-8.188,-38.250,44.938
up,10,431,-2.250,-35.500,41.063
up,10,441,3.813,-26.500,37.188
up,10,451,14.000,-6.187,31.625
up,10,461,21.062,11.500,26.687
up,10,471,22.187,25.750,24.062
up,10,481,15.563,38.500,25.562
up,10,491,11.063,44.813,26.937
up,10,501,13.875,47.063,23.812
up,10,511,21.125,46.125,17.312
up,10,521,27.062,46.063,9.625
up,10,531,29.000,50.313,4.312
up,10,541,29.937,56.688,4.375
up,10,551,35.188,63.250,3.625
up,10,561,46.563,68.875,-5.250
up,10,571,51.000,70.250,-18.937
up,10,581,45.938,68.500,-34.938
up,10,591,30.187,64.500,-52.250
up,10,601,17.437,63.375,-61.250
up,10,611,10.375,64.438,-65.500
up,10,621,13.000,64.375,-63.688
up,10,631,20.125,60.688,-59.938
up,10,641,24.687,49.563,-57.438
up,10,651,18.812,37.813,-60.000
up,10,661,2.313,29.250,-66.438
up,10,671,-21.625,29.812,-73.313
up,10,681,-26.875,35.500,-74.875
up,10,691,-18.375,41.125,-73.188
up,10,701,-5.437,53.438,-66.063
up,10,711,-3.063,67.813,-58.438
up,10,721,-6.187,90.375,-50.625
up,10,731,-12.875,123.563,-45.000
up,10,741,-14.500,130.312,-44.313
up,10,751,-6.937,110.438,-45.063
up,10,761,-5.250,100.125,-43.063
up,10,771,-23.812,115.438,-39.500
up,10,781,-77.188,124.875,-44.750
up,10,791,-117.750,81.438,-54.500
up,10,801,-131.937,6.625,-59.500
up,10,811,-123.250,-21.062,-53.750
up,10,821,-127.250,25.625,-44.625
up,10,831,-138.125,75.188,-36.250
up,10,841,-125.000,86.375,-29.687
up,10,851,-93.625,62.313,-25.937
up,10,861,-61.438,30.250,-22.437
up,10,871,-37.875,16.062,-24.375
up,10,881,-36.500,7.312,-32.813
up,10,891,-44.500,-1.750,-46.375
up,10,901,-46.188,-4.625,-50.750
up,10,911,-38.813,-7.375,-45.063
up,10,921,-18.125,-17.562,-27.500
up,10,931,3.438,-24.437,-11.813
up,10,941,24.875,-20.750,-2.500
up,10,951,42.500,-8.625,-1.187
up,10,961,47.250,1.000,-2.750
up,10,971,47.313,11.813,-1.125
up,10,981,45.500,25.875,6.562
up,10,991,42.313,32.000,10.938
up,11,1,-0.312,2.438,-2.188
up,11,11,1.125,1.750,-1.312
up,11,21,2.125,1.312,-0.875
up,11,31,1.687,1.437,-1.375
up,11,41,0.437,1.437,-2.000
up,11,51,-2.375,1.375,-2.688
up,11,61,-4.062,1.625,-3.188
up,11,71,-3.375,2.188,-3.563
up,11,81,-2.375,2.938,-3.000
up,11,91,-2.188,3.688,-1.125
up,11,101,-0.187,4.875,3.313
up,11,111,5.437,7.000,7.125
up,11,121,17.375,11.750,9.938
up,11,131,38.875,21.812,14.188
up,11,141,56.625,31.875,20.875
up,11,151,72.438,39.438,30.937
up,11,161,85.500,39.125,44.375
up,11,171,88.125,33.063,52.438
up,11,181,83.500,26.375,58.313
up,11,191,68.938,19.125,61.000
up,11,201,53.188,12.063,64.125
up,11,211,39.000,0.562,69.938
up,11,221,36.313,-8.250,73.750
up,11,231,38.625,-13.625,75.563
up,11,241,43.000,-14.875,77.688
up,11,251,42.000,-13.875,79.500
up,11,261,33.375,-12.563,79.688
up,11,271,20.125,-9.750,77.125
up,11,281,18.875,-8.188,73.875
up,11,291,27.187,-9.563,72.813
up,11,301,39.438,-16.562,73.938
up,11,311,44.625,-27.312,72.688
up,11,321,47.500,-46.188,66.938
up,11,331,45.688,-61.938,60.125
up,11,341,38.438,-77.688,51.375
up,11,351,21.687,-98.563,36.375
up,11,361,4.312,-112.438,21.125
up,11,371,-13.750,-119.250,4.625
up,11,381,-33.375,-116.000,-12.125
up,11,391,-41.375,-107.313,-17.437
up,11,401,-39.875,-98.500,-13.438
up,11,411,-25.312,-90.500,0.750
up,11,421,-8.500,-88.063,13.125
up,11,431,4.187,-91.750,21.625
up,11,441,6.562,-100.188,19.625
up,11,451,-0.437,-101.938,11.250
up,11,461,-17.062,-96.313,-2.875
up,11,471,-32.625,-90.188,-12.250
up,11,481,-41.750,-83.375,-17.562
up,11,491,-38.938,-70.125,-18.062
up,11,501,-28.250,-52.813,-12.625
up,11,511,-12.688,-32.500,-2.688
up,11,521,8.438,-14.313,9.875
up,11,531,22.250,-7.875,15.375
up,11,541,29.687,-2.125,15.500
up,11,551,28.750,10.250,10.813
up,11,561,21.875,20.375,6.187
up,11,571,13.875,25.562,2.188
up,11,581,11.500,24.750,1.750
up,11,591,9.813,23.312,3.875
up,11,601,6.250,23.937,8.063
up,11,611,5.187,26.937,10.000
up,11,621,7.812,31.687,7.812
up,11,631,14.000,37.625,-2.688
up,11,641,17.875,41.125,-16.312
up,11,651,19.000,45.188,-32.000
up,11,661,17.125,52.625,-49.313
up,11,671,13.438,58.063,-57.063
up,11,681,9.625,58.500,-57.438
up,11,691,7.625,47.875,-52.750
up,11,701,6.312,34.563,-47.063
up,11,711,1.250,21.875,-43.500
up,11,721,-3.500,19.062,-45.250
up,11,731,-7.250,24.562,-51.125
up,11,741,-8.125,41.813,-60.375
up,11,751,-3.250,57.500,-62.188
up,11,761,6.562,66.813,-56.000
up,11,771,18.500,65.313,-40.938
up,11,781,16.187,57.000,-31.812
up,11,791,-1.187,54.625,-31.812
up,11,801,-32.938,70.563,-46.375
up,11,811,-49.250,86.938,-62.063
up,11,821,-39.125,98.313,-66.938
up,11,831,-11.938,97.563,-53.688
up,11,841,13.000,88.125,-33.813
up,11,851,19.062,83.438,-16.062
up,11,861,-5.562,82.375,-20.250
up,11,871,-49.875,61.875,-38.000
up,11,881,-91.500,30.625,-59.250
up,11,891,-101.000,28.687,-65.813
up,11,901,-103.063,32.125,-59.688
up,11,911,-92.438,21.187,-38.375
up,11,921,-74.125,29.375,-20.937
up,11,931,-69.188,64.063,-9.375
up,11,941,-84.750,83.500,-7.937
up,11,951,-85.250,83.938,-9.313
up,11,961,-54.375,67.563,-11.625
up,11,971,-24.562,52.688,-15.438
up,11,981,-10.750,39.875,-21.500
up,11,991,-25.312,21.375,-29.875
up,12,1,-1.875,-3.625,-3.063
up,12,10,-3.375,-4.250,-3.000
up,12,21,-6.062,-4.812,-2.750
up,12,31,-8.625,-5.312,-1.875
up,12,41,-8.188,-5.375,-1.062
up,12,51,-6.437,-4.750,0.250
up,12,61,-3.875,-3.625,1.937
up,12,71,0.000,-1.812,4.562
up,12,81,8.688,1.625,9.313
up,12,91,17.125,5.687,13.563
up,12,101,24.437,10.938,18.000
up,12,111,35.813,18.187,24.875
up,12,121,50.375,24.250,30.812
up,12,131,67.250,31.687,34.750
up,12,141,80.313,39.938,37.188
up,12,151,79.438,38.000,38.938
up,12,161,71.438,24.625,41.063
up,12,171,61.625,1.437,43.188
up,12,181,58.625,-13.938,43.063
up,12,191,56.938,-24.937,40.750
up,12,201,53.438,-27.750,38.250
up,12,211,47.875,-28.187,36.688
up,12,221,38.313,-29.187,36.063
up,12,231,28.625,-30.875,36.000
up,12,241,20.062,-32.188,37.750
up,12,251,17.750,-33.250,44.250
up,12,261,18.812,-34.688,47.500
up,12,271,13.563,-36.875,44.313
up,12,281,-4.250,-38.250,35.438
up,12,291,-19.625,-35.875,29.187
up,12,301,-47.188,-28.500,19.625
up,12,311,-45.938,-18.937,7.187
up,12,321,-64.625,-5.250,-5.437
up,12,331,-88.375,12.875,-13.875
up,12,341,-98.313,24.187,-14.375
up,12,351,-98.688,32.625,-8.313
up,12,361,-87.000,38.438,11.313
up,12,371,-71.188,31.687,30.250
up,12,381,-55.563,10.063,46.188
up,12,391,-42.188,-26.187,54.750
up,12,401,-40.313,-46.125,49.813
up,12,411,-47.625,-57.250,37.688
up,12,421,-64.250,-73.625,18.875
up,12,431,-72.188,-92.438,4.375
up,12,441,-65.250,-111.125,-8.813
up,12,451,-47.188,-114.063,-12.500
up,12,461,-26.375,-106.938,-8.063
up,12,471,-8.563,-90.375,9.125
up,12,481,0.687,-78.500,26.187
up,12,491,13.063,-72.375,38.000
up,12,501,31.000,-68.375,40.688
up,12,511,37.313,-61.688,33.938
up,12,521,32.750,-51.500,21.750
up,12,531,19.687,-38.625,4.125
up,12,541,14.375,-29.437,-7.125
up,12,551,17.375,-18.625,-14.375
up,12,561,27.750,-12.500,-14.938
up,12,571,36.938,-11.188,-11.875
up,12,581,46.688,-15.250,-5.437
up,12,591,53.188,-19.062,-2.063
up,12,601,58.750,-19.687,-4.250
up,12,611,64.688,-12.125,-14.688
up,12,621,67.625,0.125,-24.125
up,12,631,66.375,13.375,-29.250
up,12,641,59.000,23.750,-27.062
up,12,651,51.813,24.812,-20.500
up,12,661,44.188,19.687,-13.313
up,12,671,30.937,7.437,-8.500
up,12,681,18.250,-2.500,-10.375
up,12,691,7.250,-8.375,-20.187
up,12,701,5.125,-5.187,-32.125
up,12,711,6.500,5.687,-42.375
up,12,721,9.188,26.062,-46.750
up,12,731,10.250,39.500,-43.688
up,12,741,9.063,46.500,-35.438
up,12,751,3.625,48.875,-21.750
up,12,761,-4.500,48.750,-12.375
up,12,771,-15.750,49.375,-6.500
up,12,781,-33.938,53.438,-7.187
up,12,791,-49.500,60.563,-15.125
up,12,801,-61.063,75.375,-26.125
up,12,811,-60.313,87.813,-27.687
up,12,821,-45.313,94.938,-20.062
up,12,831,-14.375,88.313,-4.000
up,12,841,7.625,78.563,6.937
up,12,851,14.438,80.438,13.063
up,12,861,-1.375,109.000,13.688
up,12,871,-27.500,112.063,-5.250
up,12,881,-51.500,61.000,-35.563
up,12,891,-51.063,-22.812,-59.313
up,12,901,-35.313,-48.188,-58.625
up,12,911,-28.812,-32.625,-47.125
up,12,921,-30.625,5.062,-29.125
up,12,931,-25.687,30.875,-19.750
up,12,941,-15.500,57.000,-17.437
up,12,951,-13.938,70.750,-20.687
up,12,961,-16.062,74.938,-25.812
up,12,971,-11.375,74.688,-32.125
up,12,981,-4.062,67.813,-35.938
up,12,991,-5.375,39.750,-41.875
up,13,0,9.500,2.125,-1.625
up,13,10,6.125,1.062,-2.875
up,13,21,1.187,-1.312,-4.062
up,13,31,-0.062,-2.375,-3.750
up,13,41,2.063,-2.000,-2.000
up,13,51,9.063,-0.562,2.063
up,13,61,16.000,0.312,5.250
up,13,71,20.750,1.187,7.187
up,13,81,20.125,2.500,7.562
up,13,91,18.500,3.125,9.500
up,13,101,22.937,1.000,17.125
up,13,111,34.938,-2.750,26.500
up,13,121,49.125,-6.562,35.375
up,13,131,58.938,-11.875,43.375
up,13,141,60.688,-18.312,48.250
up,13,151,62.813,-25.937,52.500
up,13,161,70.688,-32.688,55.750
up,13,171,76.438,-33.938,56.188
up,13,181,75.750,-30.937,58.125
up,13,191,71.813,-28.187,65.500
up,13,201,72.813,-31.312,76.500
up,13,211,70.125,-50.750,87.250
up,13,221,62.375,-73.125,91.250
up,13,231,54.188,-91.000,93.750
up,13,241,48.938,-98.688,96.875
up,13,251,47.625,-94.625,97.625
up,13,261,45.688,-86.938,96.188
up,13,271,42.125,-78.688,94.375
up,13,281,40.250,-74.250,94.313
up,13,291,39.375,-72.563,93.938
up,13,301,35.625,-77.188,92.438
up,13,311,29.187,-85.000,91.375
up,13,321,18.625,-94.375,88.063
up,13,331,5.875,-99.688,79.875
up,13,341,-12.000,-100.938,64.500
up,13,351,-42.313,-93.563,38.313
up,13,361,-64.500,-84.125,18.750
up,13,371,-73.875,-72.000,5.937
up,13,381,-65.563,-53.500,5.875
up,13,391,-47.125,-43.688,19.187
up,13,401,-20.500,-48.813,35.563
up,13,411,15.063,-73.938,46.375
up,13,421,31.750,-89.375,44.188
up,13,431,31.500,-84.313,33.875
up,13,441,18.187,-67.375,24.937
up,13,451,8.813,-50.313,16.562
up,13,461,3.375,-34.063,6.187
up,13,471,5.750,-23.375,0.562
up,13,481,14.438,-13.063,-0.562
up,13,491,29.062,-1.625,2.438
up,13,501,37.063,4.687,4.625
up,13,511,38.500,8.938,4.812
up,13,521,35.313,13.313,1.625
up,13,531,33.563,18.687,-4.375
up,13,541,33.188,27.375,-13.438
up,13,551,32.188,41.625,-25.562
up,13,561,30.187,48.313,-31.062
up,13,571,27.187,50.000,-30.750
up,13,581,22.750,52.438,-26.437
up,13,591,16.562,52.938,-21.250
up,13,601,10.000,50.750,-20.500
up,13,611,5.437,54.000,-28.187
up,13,621,3.250,65.875,-40.750
up,13,631,8.875,86.438,-52.750
up,13,641,20.375,95.938,-50.813
up,13,651,33.250,91.500,-38.250
up,13,661,37.188,69.500,-21.312
up,13,671,22.750,48.750,-18.562
up,13,681,-8.563,30.125,-31.937
up,13,691,-30.562,26.750,-48.813
up,13,701,-41.188,36.563,-62.125
up,13,711,-33.750,59.750,-64.000
up,13,721,-16.500,76.938,-54.063
up,13,731,2.563,85.438,-41.938
up,13,741,15.500,88.063,-33.563
up,13,751,4.375,86.313,-38.313
up,13,761,-24.187,78.563,-52.313
up,13,771,-54.563,68.938,-70.688
up,13,781,-57.813,73.375,-75.188
up,13,791,-46.375,86.813,-66.250
up,13,801,-28.750,104.188,-55.438
up,13,811,-24.875,107.688,-50.563
up,13,821,-44.250,80.125,-58.313
up,13,831,-70.938,43.375,-66.875
up,13,841,-95.438,18.125,-67.313
up,13,851,-117.188,16.812,-54.000
up,13,861,-123.000,33.188,-42.250
up,13,871,-116.125,55.938,-37.938
up,13,881,-96.563,85.250,-38.188
up,13,891,-77.438,79.313,-33.563
up,13,901,-58.188,48.125,-27.937
up,13,911,-53.875,19.375,-28.125
up,13,921,-68.063,15.250,-31.375
up,13,931,-76.375,15.688,-33.813
up,13,941,-72.500,12.000,-35.438
up,13,951,-74.375,5.250,-38.938
up,13,961,-86.500,-3.875,-43.625
up,13,971,-90.813,-10.375,-42.500
up,13,981,-81.500,-16.437,-36.063
up,13,991,-52.875,-21.187,-27.125
up,14,1,-13.938,-1.125,-2.313
up,14,11,-11.875,1.562,-3.313
up,14,21,-10.813,3.375,-4.937
up,14,31,-10.000,4.812,-7.250
up,14,41,-6.875,7.000,-9.438
up,14,51,0.437,9.438,-9.625
up,14,61,10.438,12.375,-8.875
up,14,71,20.500,15.688,-8.063
up,14,81,25.312,17.500,-6.937
up,14,91,28.500,18.875,-4.187
up,14,101,29.937,17.500,0.750
up,14,111,27.625,12.000,4.000
up,14,121,23.750,2.375,8.063
up,14,131,25.625,-3.438,14.375
up,14,141,35.250,-5.875,23.812
up,14,151,52.938,-6.000,36.188
up,14,161,62.813,-6.187,44.438
up,14,171,66.188,-7.375,51.875
up,14,181,65.250,-10.625,59.938
up,14,191,64.125,-12.438,63.625
up,14,201,63.938,-10.000,64.188
up,14,211,59.438,-1.437,63.063
up,14,221,48.438,3.250,62.500
up,14,231,36.625,1.875,62.688
up,14,241,36.750,-2.250,64.688
up,14,251,53.000,-3.625,69.750
up,14,261,71.750,-15.063,77.500
up,14,271,74.438,-39.313,81.125
up,14,281,73.188,-67.188,80.750
up,14,291,72.438,-84.938,75.938
up,14,301,70.063,-79.938,69.438
up,14,311,60.188,-63.375,60.813
up,14,321,34.063,-35.625,48.750
up,14,331,9.750,-11.625,42.313
up,14,341,-3.875,8.813,42.313
up,14,351,1.062,6.750,46.625
up,14,361,17.687,-26.250,51.000
up,14,371,41.250,-81.375,58.125
up,14,381,46.000,-112.375,62.375
up,14,391,31.937,-125.188,61.063
up,14,401,0.687,-126.250,52.000
up,14,411,-19.937,-121.375,41.125
up,14,421,-33.125,-109.938,28.062
up,14,431,-47.938,-87.813,12.500
up,14,441,-59.563,-70.563,4.500
up,14,451,-61.875,-59.938,0.812
up,14,461,-41.750,-58.563,-0.812
up,14,471,-14.938,-63.250,-0.062
up,14,481,5.500,-67.438,4.687
up,14,491,13.563,-66.875,10.063
up,14,501,12.250,-61.563,14.250
up,14,511,7.625,-52.875,15.625
up,14,521,1.750,-47.188,12.250
up,14,531,-5.937,-42.563,4.875
up,14,541,-12.438,-35.875,-4.437
up,14,551,-9.125,-27.937,-7.812
up,14,561,2.188,-17.812,-7.187
up,14,571,18.125,-3.688,-3.063
up,14,581,26.000,6.437,0.875
up,14,591,28.562,12.438,4.562
up,14,601,27.500,12.063,7.687
up,14,611,26.312,8.250,7.250
up,14,621,23.875,8.500,1.687
up,14,631,22.125,15.188,-4.937
up,14,641,23.062,24.000,-10.625
up,14,651,25.375,32.250,-15.313
up,14,661,24.812,36.000,-17.937
up,14,671,23.250,38.188,-20.375
up,14,681,23.375,37.188,-22.812
up,14,691,24.062,33.125,-24.437
up,14,701,22.062,28.625,-27.312
up,14,711,15.313,29.000,-34.750
up,14,721,10.500,37.188,-40.625
up,14,731,10.063,48.625,-40.875
up,14,741,17.437,58.375,-34.750
up,14,751,25.750,58.250,-27.062
up,14,761,29.625,49.563,-23.000
up,14,771,20.812,42.563,-27.062
up,14,781,3.813,45.875,-32.188
up,14,791,-9.438,65.688,-29.250
up,14,801,-1.312,78.313,-18.687
up,14,811,13.375,77.438,-9.125
up,14,821,15.500,66.625,-9.063
up,14,831,3.625,61.750,-17.937
up,14,841,-9.188,63.125,-28.250
up,14,851,-20.000,67.000,-36.938
up,14,861,-31.437,65.125,-41.063
up,14,871,-47.688,63.188,-43.688
up,14,881,-57.625,74.000,-45.125
up,14,891,-65.938,81.500,-51.688
up,14,901,-66.375,73.063,-61.063
up,14,911,-55.250,56.750,-59.563
up,14,921,-43.875,39.938,-50.875
up,14,931,-44.938,25.937,-44.563
up,14,941,-57.750,25.187,-47.875
up,14,951,-70.125,37.125,-52.000
up,14,961,-70.875,65.063,-49.875
up,14,971,-60.250,82.125,-44.625
up,14,981,-51.875,55.125,-41.438
up,14,991,-59.375,19.500,-43.188
up,15,1,-6.187,8.000,4.437
up,15,11,-2.938,8.563,6.062
up,15,21,1.500,9.438,7.687
up,15,31,5.187,12.438,9.063
up,15,41,7.687,20.000,10.563
up,15,51,10.188,27.312,12.688
up,15,61,16.750,33.813,17.312
up,15,71,28.250,38.563,25.562
up,15,81,36.313,35.563,31.937
up,15,91,45.438,26.187,36.750
up,15,101,61.750,15.250,41.313
up,15,111,74.063,13.313,46.000
up,15,121,82.563,14.750,51.313
up,15,131,92.125,11.375,55.125
up,15,141,97.813,0.750,54.063
up,15,151,95.750,-14.188,53.313
up,15,161,77.375,-16.625,61.250
up,15,171,55.438,-10.563,76.250
up,15,181,29.312,-2.250,88.750
up,15,191,9.125,1.625,83.938
up,15,201,-16.000,4.750,67.063
up,15,211,-54.313,8.625,38.750
up,15,221,-79.875,12.438,16.937
up,15,231,-88.063,18.500,1.500
up,15,241,-62.750,22.562,-2.938
up,15,251,-19.437,7.187,5.312
up,15,261,25.812,-30.875,19.000
up,15,271,54.063,-84.063,34.750
up,15,281,48.313,-108.500,42.125
up,15,291,31.812,-115.625,45.188
up,15,301,27.562,-113.875,43.938
up,15,311,27.812,-110.750,39.500
up,15,321,18.062,-106.750,28.687
up,15,331,4.875,-105.875,18.000
up,15,341,4.250,-112.500,10.000
up,15,351,26.000,-135.625,8.188
up,15,361,47.688,-155.750,11.188
up,15,371,62.188,-165.375,12.938
up,15,381,67.125,-160.125,11.813
up,15,391,61.625,-147.187,10.563
up,15,401,49.313,-127.813,11.938
up,15,411,38.438,-114.563,15.438
up,15,421,28.125,-104.375,18.312
up,15,431,22.250,-94.250,17.687
up,15,441,24.875,-87.313,13.438
up,15,451,27.125,-78.938,7.500
up,15,461,24.625,-64.313,1.875
up,15,471,22.437,-50.500,1.312
up,15,481,23.062,-36.250,4.562
up,15,491,26.687,-20.250,12.563
up,15,501,29.062,-11.563,20.062
up,15,511,28.937,-7.812,27.937
up,15,521,24.000,-7.625,31.937
up,15,531,19.812,-6.687,31.687
up,15,541,19.312,0.312,21.875
up,15,551,20.812,13.000,7.250
up,15,561,20.562,30.687,-7.687
up,15,571,18.375,50.250,-17.250
up,15,581,18.125,55.313,-14.938
up,15,591,17.125,49.500,-5.812
up,15,601,9.125,32.813,9.750
up,15,611,-0.187,17.625,21.000
up,15,621,-6.062,4.937,27.500
up,15,631,-6.125,-2.125,25.562
up,15,641,-3.313,2.250,16.000
up,15,651,-1.812,18.437,-0.062
up,15,661,-1.750,34.438,-10.500
up,15,671,1.062,47.813,-15.125
up,15,681,8.625,56.063,-12.250
up,15,691,11.250,52.000,-7.312
up,15,701,6.625,39.375,-4.937
up,15,711,-6.437,23.187,-9.375
up,15,721,-16.875,18.625,-18.750
up,15,731,-22.312,23.562,-31.125
up,15,741,-20.062,40.125,-46.313
up,15,751,-16.812,57.188,-54.375
up,15,761,-17.562,74.063,-55.125
up,15,771,-22.437,88.438,-48.188
up,15,781,-27.187,90.063,-38.688
up,15,791,-38.625,88.250,-29.937
up,15,801,-50.938,93.750,-29.375
up,15,811,-59.500,106.813,-30.750
up,15,821,-62.438,127.125,-26.625
up,15,831,-65.938,141.437,-22.687
up,15,841,-79.688,148.250,-26.437
up,15,851,-102.813,154.625,-40.563
up,15,861,-115.000,137.812,-52.938
up,15,871,-114.313,88.625,-58.063
up,15,881,-102.375,32.250,-54.625
up,15,891,-104.938,21.500,-48.938
up,15,901,-112.813,42.813,-42.250
up,15,911,-98.625,70.688,-38.750
up,15,921,-67.313,83.000,-35.813
up,15,931,-21.687,74.625,-35.188
up,15,941,-0.125,83.188,-40.938
up,15,951,-0.562,100.063,-48.250
up,15,961,-4.812,93.438,-52.063
up,15,971,0.250,57.688,-52.250
up,15,981,2.188,13.875,-53.375
up,15,991,-9.938,-19.937,-53.813
up,16,1,-4.875,1.437,-6.187
up,16,10,-3.125,2.500,-6.562
up,16,21,-4.125,3.938,-6.250
up,16,31,-8.000,5.062,-5.125
up,16,41,-9.000,4.750,-3.813
up,16,51,-6.812,4.500,-2.500
up,16,61,-3.938,6.375,-1.500
up,16,71,-3.688,9.500,-1.000
up,16,81,-3.250,13.875,0.250
up,16,91,1.375,21.375,1.875
up,16,101,9.938,29.937,4.187
up,16,111,23.875,45.063,9.188
up,16,121,36.313,58.500,15.688
up,16,131,51.125,66.375,24.125
up,16,141,76.563,62.313,34.375
up,16,151,97.188,53.438,40.500
up,16,161,102.938,43.563,44.938
up,16,171,86.625,23.375,52.688
up,16,181,73.688,-3.750,65.188
up,16,191,74.813,-37.875,84.688
up,16,201,88.000,-79.688,110.813
up,16,211,88.188,-103.000,123.625
up,16,221,66.438,-116.375,125.813
up,16,231,42.813,-118.250,120.063
up,16,241,21.187,-113.375,112.063
up,16,251,0.750,-96.313,102.625
up,16,261,-3.688,-82.313,96.375
up,16,271,6.437,-80.875,92.375
up,16,281,30.062,-96.250,92.000
up,16,291,46.438,-106.625,94.375
up,16,301,58.188,-105.063,95.875
up,16,311,70.750,-91.625,91.688
up,16,321,74.625,-80.313,81.875
up,16,331,60.938,-68.875,62.750
up,16,341,19.500,-60.875,45.688
up,16,351,-15.000,-55.625,32.000
up,16,361,-40.063,-59.375,26.062
up,16,371,-42.125,-73.313,31.062
up,16,381,-30.000,-93.188,40.875
up,16,391,-4.875,-115.000,52.563
up,16,401,12.250,-127.188,57.563
up,16,411,20.437,-135.062,58.188
up,16,421,20.312,-135.562,53.313
up,16,431,12.813,-126.125,45.813
up,16,441,-0.625,-109.813,37.688
up,16,451,-13.438,-86.375,31.687
up,16,461,-12.063,-71.313,32.188
up,16,471,-2.375,-61.438,35.375
up,16,481,2.688,-58.813,35.000
up,16,491,1.375,-57.438,30.750
up,16,501,-4.937,-51.688,23.312
up,16,511,-7.687,-40.688,19.375
up,16,521,-6.312,-24.687,18.750
up,16,531,-0.625,-2.625,21.375
up,16,541,4.812,12.125,23.625
up,16,551,8.500,21.187,24.437
up,16,561,9.063,25.125,22.312
up,16,571,7.875,26.750,18.000
up,16,581,6.625,27.812,9.313
up,16,591,6.750,30.937,0.000
up,16,601,7.625,38.625,-9.375
up,16,611,8.688,47.563,-18.437
up,16,621,10.875,50.938,-23.312
up,16,631,14.563,52.250,-26.625
up,16,641,16.687,52.625,-30.437
up,16,651,12.250,51.563,-34.625
up,16,661,2.313,48.750,-40.188
up,16,671,-12.625,45.000,-48.625
up,16,681,-19.812,45.188,-55.625
up,16,691,-16.875,49.125,-61.188
up,16,701,-3.875,56.188,-64.875
up,16,711,4.125,61.063,-66.125
up,16,721,5.062,65.750,-68.250
up,16,731,1.312,68.813,-70.563
up,16,741,-2.813,70.813,-72.250
up,16,751,-6.812,73.750,-73.063
up,16,761,-7.750,79.875,-73.625
up,16,771,-4.937,90.750,-75.250
up,16,781,3.625,105.313,-78.500
up,16,791,11.125,112.875,-80.563
up,16,801,15.563,118.938,-81.813
up,16,811,10.813,115.750,-84.688
up,16,821,1.375,101.313,-89.563
up,16,831,-11.688,87.938,-96.625
up,16,841,-35.063,91.125,-100.313
up,16,851,-57.625,103.563,-99.063
up,16,861,-89.938,97.188,-97.500
up,16,871,-114.813,56.625,-100.125
up,16,881,-125.875,13.688,-102.500
up,16,891,-121.000,4.750,-98.125
up,16,901,-104.750,30.437,-89.063
up,16,911,-79.813,56.313,-80.188
up,16,921,-53.125,67.000,-75.813
up,16,931,-45.375,69.188,-76.188
up,16,941,-45.000,68.250,-74.500
up,16,951,-37.375,47.813,-68.375
up,16,961,-21.687,34.938,-67.125
up,16,971,-12.500,41.188,-72.438
up,16,981,-21.062,41.375,-76.500
up,16,991,-32.875,17.437,-76.375
up,17,1,-0.437,-0.625,-1.437
up,17,11,-2.438,0.000,-2.313
up,17,21,-2.375,0.812,-3.188
up,17,31,-0.250,2.000,-4.125
up,17,41,3.813,2.750,-4.875
up,17,51,6.375,3.125,-5.375
up,17,61,6.875,2.625,-4.437
up,17,71,5.562,1.875,-2.688
up,17,81,4.250,1.125,-1.125
up,17,91,3.250,0.812,-0.187
up,17,101,2.250,0.625,-0.437
up,17,111,1.187,0.125,-1.250
up,17,121,0.062,-1.312,-2.063
up,17,131,-0.125,-2.563,-1.937
up,17,141,0.875,-3.188,-0.625
up,17,151,2.500,-3.188,2.000
up,17,161,4.562,-2.813,3.875
up,17,171,9.938,-1.687,5.625
up,17,181,18.187,-0.062,7.625
up,17,191,29.187,1.687,10.125
up,17,201,39.938,1.562,13.250
up,17,211,43.563,-1.500,15.875
up,17,221,46.938,-6.000,18.937
up,17,231,55.250,-9.500,22.625
up,17,241,65.688,-9.000,24.812
up,17,251,76.938,-7.000,26.187
up,17,261,88.875,-6.000,27.812
up,17,271,97.125,-8.125,31.062
up,17,281,105.563,-13.188,36.875
up,17,291,112.125,-16.812,41.250
up,17,301,110.875,-18.500,44.500
up,17,311,104.250,-18.062,47.500
up,17,321,102.813,-18.437,50.625
up,17,331,109.188,-23.687,54.938
up,17,341,123.313,-35.938,60.750
up,17,351,130.687,-46.313,64.375
up,17,361,128.500,-56.063,66.438
up,17,371,111.000,-67.500,66.188
up,17,381,93.000,-74.938,65.250
up,17,391,80.188,-78.938,65.250
up,17,401,71.938,-76.813,66.750
up,17,411,63.750,-69.250,69.875
up,17,421,50.625,-61.188,75.750
up,17,431,43.250,-64.125,79.500
up,17,441,38.250,-75.688,80.125
up,17,451,31.500,-95.063,76.625
up,17,461,25.500,-110.125,73.313
up,17,471,19.125,-122.438,71.750
up,17,481,8.938,-128.750,72.000
up,17,491,-0.750,-125.375,72.375
up,17,501,-10.500,-117.688,71.000
up,17,511,-21.437,-107.563,66.125
up,17,521,-27.000,-100.438,63.813
up,17,531,-22.937,-94.625,67.375
up,17,541,2.375,-95.000,73.188
up,17,551,26.625,-94.813,77.000
up,17,561,38.313,-83.500,74.625
up,17,571,32.188,-68.313,68.063
up,17,581,23.250,-55.125,60.688
up,17,591,16.437,-43.125,54.438
up,17,601,13.125,-32.938,53.188
up,17,611,10.688,-22.375,54.938
up,17,621,9.938,-14.938,56.625
up,17,631,10.500,-13.188,53.500
up,17,641,10.063,-9.875,46.313
up,17,651,8.188,1.000,35.250
up,17,661,8.125,13.188,27.437
up,17,671,11.813,29.625,19.375
up,17,681,16.125,41.688,13.125
up,17,691,18.812,50.625,6.500
up,17,701,19.250,55.063,-1.250
up,17,711,18.125,53.938,-5.875
up,17,721,14.938,50.688,-8.250
up,17,731,8.750,46.313,-10.500
up,17,741,4.250,45.500,-15.438
up,17,751,-1.312,48.688,-24.187
up,17,761,-12.688,53.813,-35.875
up,17,771,-21.937,54.688,-41.750
up,17,781,-28.437,50.625,-43.500
up,17,791,-32.500,45.750,-42.063
up,17,801,-32.688,43.188,-40.313
up,17,811,-29.750,48.375,-41.063
up,17,821,-25.000,60.500,-46.438
up,17,831,-20.062,75.250,-55.125
up,17,841,-22.812,86.500,-64.188
up,17,851,-32.938,84.750,-65.438
up,17,861,-42.688,76.000,-61.188
up,17,871,-51.438,64.375,-53.688
up,17,881,-60.188,59.813,-51.500
up,17,891,-69.938,61.688,-54.438
up,17,901,-76.438,73.375,-63.438
up,17,911,-76.063,84.000,-72.563
up,17,921,-72.688,92.125,-82.375
up,17,931,-73.000,94.250,-86.313
up,17,941,-79.250,100.313,-87.250
up,17,951,-93.500,111.313,-86.625
up,17,961,-106.750,99.313,-89.250
up,17,971,-117.938,61.438,-94.000
up,17,981,-125.625,18.187,-97.375
up,17,991,-133.250,17.187,-97.563
up,18,1,4.312,-0.812,-4.562
up,18,11,6.125,0.750,-5.437
up,18,21,7.687,3.500,-5.562
up,18,31,6.687,4.750,-5.250
up,18,41,3.813,4.625,-5.000
up,18,51,0.312,3.063,-5.187
up,18,61,-0.250,1.875,-5.500
up,18,71,2.000,2.250,-5.562
up,18,81,4.375,4.250,-5.375
up,18,91,5.687,6.750,-5.312
up,18,101,6.562,9.500,-5.125
up,18,111,8.938,11.813,-4.625
up,18,121,14.063,16.062,-4.125
up,18,131,24.125,26.000,-3.563
up,18,141,33.063,36.813,-2.250
up,18,151,42.250,48.813,-0.125
up,18,161,55.250,64.938,1.812
up,18,171,66.188,77.000,2.875
up,18,181,78.313,86.000,5.750
up,18,191,96.375,91.563,10.438
up,18,201,110.250,89.000,17.437
up,18,211,120.625,73.938,27.937
up,18,221,120.000,55.813,36.875
up,18,231,110.938,39.250,47.688
up,18,241,96.063,20.937,68.000
up,18,251,93.250,0.500,90.813
up,18,261,99.063,-27.750,113.688
up,18,271,98.563,-63.688,132.625
up,18,281,79.125,-82.500,137.375
up,18,291,49.688,-90.438,134.375
up,18,301,19.625,-89.688,123.938
up,18,311,8.063,-83.813,115.563
up,18,321,11.813,-74.563,116.188
up,18,331,31.750,-75.750,127.563
up,18,341,56.750,-91.750,141.875
up,18,351,67.188,-124.063,150.062
up,18,361,54.125,-146.687,145.375
up,18,371,35.813,-160.125,135.312
up,18,381,18.562,-165.187,124.000
up,18,391,10.000,-164.875,119.938
up,18,401,6.250,-165.187,120.500
up,18,411,5.062,-165.562,122.313
up,18,421,-1.375,-161.500,121.250
up,18,431,-13.875,-155.437,118.000
up,18,441,-23.750,-151.375,113.938
up,18,451,-18.500,-148.687,107.250
up,18,461,-1.875,-138.562,97.063
up,18,471,7.625,-125.938,91.313
up,18,481,11.563,-112.375,89.500
up,18,491,14.250,-99.250,89.313
up,18,501,15.125,-93.813,84.875
up,18,511,9.750,-88.563,73.500
up,18,521,-5.187,-77.375,54.375
up,18,531,-14.375,-66.063,42.250
up,18,541,-16.812,-54.375,35.125
up,18,551,-15.938,-39.125,30.500
up,18,561,-15.250,-27.500,28.250
up,18,571,-10.188,-19.625,27.000
up,18,581,-3.188,-18.062,26.500
up,18,591,1.875,-14.063,24.562
up,18,601,5.562,1.500,18.687
up,18,611,10.313,19.875,12.188
up,18,621,18.062,37.125,7.000
up,18,631,26.625,52.563,4.625
up,18,641,26.625,60.313,5.625
up,18,651,20.500,63.625,8.688
up,18,661,11.438,58.375,13.875
up,18,671,6.375,49.438,15.250
up,18,681,2.813,43.500,7.812
up,18,691,0.250,46.000,-4.000
up,18,701,0.000,53.813,-15.188
up,18,711,0.562,63.750,-22.000
up,18,721,0.187,67.125,-22.062
up,18,731,-1.250,64.438,-20.187
up,18,741,-5.937,54.188,-19.687
up,18,751,-13.500,46.313,-22.937
up,18,761,-22.250,43.938,-29.687
up,18,771,-27.250,51.313,-43.250
up,18,781,-24.312,65.000,-56.500
up,18,791,-16.500,82.438,-67.188
up,18,801,-2.375,99.500,-71.188
up,18,811,8.750,104.563,-66.375
up,18,821,17.500,101.625,-56.750
up,18,831,15.313,94.625,-53.688
up,18,841,4.250,86.813,-58.375
up,18,851,-13.938,83.438,-72.750
up,18,861,-24.750,89.188,-86.188
up,18,871,-29.312,99.313,-96.000
up,18,881,-27.000,108.938,-97.438
up,18,891,-20.125,107.438,-90.563
up,18,901,-12.250,97.875,-80.875
up,18,911,-10.875,81.938,-73.438
up,18,921,-19.437,73.750,-75.500
up,18,931,-31.375,95.438,-88.125
up,18,941,-46.188,100.750,-101.875
up,18,951,-49.750,112.750,-111.125
up,18,961,-30.062,108.000,-107.313
up,18,971,-7.000,93.375,-95.563
up,18,981,-2.750,78.438,-85.375
up,18,991,-35.500,65.938,-84.250
up,19,1,0.750,2.250,-3.000
up,19,11,1.562,1.875,-3.313
up,19,21,3.250,2.000,-3.313
up,19,31,4.562,3.000,-3.125
up,19,41,6.062,4.312,-2.563
up,19,51,9.438,5.250,-1.250
up,19,61,13.625,5.312,0.125
up,19,71,18.437,4.500,1.562
up,19,81,23.687,1.875,4.062
up,19,91,26.687,-1.437,6.937
up,19,101,30.250,-4.562,10.625
up,19,111,37.250,-5.875,14.438
up,19,121,44.938,-3.938,15.438
up,19,131,52.375,0.562,14.375
up,19,141,59.938,9.313,13.688
up,19,151,69.375,17.500,14.813
up,19,161,90.188,26.937,19.812
up,19,171,108.125,33.313,23.937
up,19,181,117.875,39.000,25.687
up,19,191,115.250,44.000,28.062
up,19,201,108.750,42.063,34.375
up,19,211,104.188,32.563,46.063
up,19,221,105.000,11.188,66.250
up,19,231,104.875,-8.438,82.938
up,19,241,92.688,-22.687,93.750
up,19,251,58.000,-27.500,92.563
up,19,261,27.000,-23.750,82.563
up,19,271,4.937,-15.313,71.063
up,19,281,1.437,-4.375,68.313
up,19,291,4.250,11.000,70.563
up,19,301,18.062,28.437,80.250
up,19,311,39.125,32.750,93.188
up,19,321,61.375,25.500,106.188
up,19,331,72.875,5.312,114.750
up,19,341,60.750,-10.188,113.438
up,19,351,29.187,-20.062,108.250
up,19,361,-29.562,-26.125,99.688
up,19,371,-75.375,-25.875,90.625
up,19,381,-102.625,-21.375,78.563
up,19,391,-104.438,-18.062,70.563
up,19,401,-92.500,-15.938,63.375
up,19,411,-80.313,-14.063,55.563
up,19,421,-71.750,-16.500,52.063
up,19,431,-52.875,-30.500,51.188
up,19,441,-22.125,-67.000,51.938
up,19,451,-9.750,-102.375,51.938
up,19,461,-8.313,-133.187,50.688
up,19,471,-5.875,-158.312,48.625
up,19,481,2.000,-167.375,46.625
up,19,491,11.063,-171.687,42.688
up,19,501,16.875,-173.937,30.875
up,19,511,15.563,-169.812,15.938
up,19,521,6.750,-153.562,-1.562
up,19,531,-5.062,-133.750,-7.625
up,19,541,-14.125,-112.250,-6.062
up,19,551,-13.688,-88.188,1.375
up,19,561,-5.812,-70.813,7.312
up,19,571,4.750,-51.688,12.063
up,19,581,14.750,-27.375,17.062
up,19,591,19.812,-8.500,21.312
up,19,601,24.062,10.500,24.937
up,19,611,29.687,28.187,27.437
up,19,621,36.750,37.375,27.750
up,19,631,45.063,47.688,25.187
up,19,641,52.938,55.188,20.187
up,19,651,54.250,61.438,12.563
up,19,661,47.563,67.375,0.312
up,19,671,37.688,69.563,-9.688
up,19,681,28.625,67.938,-18.000
up,19,691,27.562,59.438,-25.250
up,19,701,34.438,50.313,-29.312
up,19,711,40.188,41.563,-32.625
up,19,721,40.813,31.812,-36.938
up,19,731,39.125,25.500,-43.188
up,19,741,36.438,22.000,-53.500
up,19,751,30.187,23.312,-67.438
up,19,761,27.312,26.687,-73.500
up,19,771,30.937,29.000,-72.188
up,19,781,36.000,28.062,-68.188
up,19,791,38.438,25.437,-66.625
up,19,801,35.313,22.187,-70.500
up,19,811,28.875,21.937,-77.000
up,19,821,18.437,26.875,-84.438
up,19,831,5.437,42.375,-92.813
up,19,841,3.688,58.000,-96.688
up,19,851,7.625,67.563,-96.313
up,19,861,7.437,66.313,-89.625
up,19,871,4.062,60.000,-82.563
up,19,881,4.187,52.375,-77.250
up,19,891,6.250,52.313,-76.688
up,19,901,9.750,58.688,-76.125
up,19,911,9.313,67.938,-73.563
up,19,921,-1.812,74.063,-71.375
up,19,931,-14.938,82.938,-66.375
up,19,941,-29.125,93.375,-59.250
up,19,951,-49.813,90.063,-59.563
up,19,961,-79.875,71.375,-67.063
up,19,971,-122.063,29.750,-86.375
up,19,981,-146.125,2.063,-94.750
up,19,991,-146.750,0.125,-86.875
up,20,0,-0.812,-0.125,-1.562
up,20,10,-1.187,1.062,-3.375
up,20,21,-1.062,1.812,-4.625
up,20,31,-0.687,2.250,-4.312
up,20,41,-0.687,2.063,-3.438
up,20,51,-0.312,2.125,-3.063
up,20,61,2.688,4.250,-2.750
up,20,71,7.250,7.375,-1.437
up,20,81,13.938,11.688,1.375
up,20,91,20.125,16.562,3.500
up,20,101,27.687,23.062,5.187
up,20,111,36.750,30.625,7.562
up,20,121,41.938,33.063,10.688
up,20,131,48.188,30.812,15.313
up,20,141,58.000,21.500,23.562
up,20,151,62.875,9.625,31.875
up,20,161,64.500,-4.000,40.875
up,20,171,67.125,-18.562,51.063
up,20,181,73.625,-24.187,57.563
up,20,191,85.000,-22.375,64.063
up,20,201,100.813,-18.187,69.125
up,20,211,109.875,-17.187,74.063
up,20,221,117.500,-23.437,79.375
up,20,231,122.000,-34.563,82.188
up,20,241,123.563,-49.188,83.250
up,20,251,119.000,-68.000,80.375
up,20,261,109.125,-80.563,75.250
up,20,271,93.375,-86.625,71.313
up,20,281,68.813,-82.438,71.438
up,20,291,50.500,-72.563,72.750
up,20,301,34.750,-60.250,71.563
up,20,311,17.750,-44.875,63.563
up,20,321,10.625,-34.500,53.000
up,20,331,14.250,-32.063,40.875
up,20,341,20.812,-36.750,31.875
up,20,351,22.187,-39.313,22.812
up,20,361,11.500,-37.500,13.938
up,20,371,-1.312,-38.125,10.375
up,20,381,-11.625,-43.875,11.500
up,20,391,-21.125,-54.625,18.875
up,20,401,-27.562,-61.625,25.375
up,20,411,-30.562,-65.063,28.250
up,20,421,-27.062,-63.125,24.250
up,20,431,-21.625,-54.438,16.187
up,20,441,-19.312,-36.000,6.437
up,20,451,-24.687,-22.062,4.625
up,20,461,-26.625,-15.125,9.938
up,20,471,-11.688,-21.687,23.062
up,20,481,8.125,-42.438,33.063
up,20,491,21.625,-71.063,38.125
up,20,501,21.687,-99.250,38.250
up,20,511,14.688,-110.750,38.750
up,20,521,10.813,-116.938,41.688
up,20,531,13.063,-118.188,43.563
up,20,541,14.375,-109.563,39.625
up,20,551,11.188,-92.188,31.562
up,20,561,5.937,-65.188,20.312
up,20,571,5.187,-44.313,13.063
up,20,581,7.812,-20.750,6.562
up,20,591,11.125,-5.687,4.250
up,20,601,16.000,5.375,4.812
up,20,611,24.000,16.500,6.687
up,20,621,32.250,23.437,6.125
up,20,631,39.750,27.062,3.688
up,20,641,41.563,28.250,-0.500
up,20,651,38.000,28.187,-5.875
up,20,661,33.750,28.937,-14.563
up,20,671,26.750,31.312,-27.562
up,20,681,21.062,32.438,-35.250
up,20,691,19.125,29.562,-38.125
up,20,701,20.625,24.687,-36.938
up,20,711,18.250,21.250,-36.563
up,20,721,11.938,22.875,-41.000
up,20,731,11.375,28.812,-47.875
up,20,741,14.375,37.688,-54.125
up,20,751,18.312,48.750,-56.750
up,20,761,19.562,51.625,-54.625
up,20,771,17.375,47.188,-51.375
up,20,781,8.500,39.250,-49.938
up,20,791,0.375,41.000,-50.813
up,20,801,-3.063,53.563,-50.750
up,20,811,0.875,77.000,-49.313
up,20,821,8.500,92.000,-49.375
up,20,831,11.250,100.875,-50.500
up,20,841,3.688,100.938,-49.563
up,20,851,-6.000,95.875,-45.250
up,20,861,-14.938,86.000,-38.875
up,20,871,-20.812,79.688,-39.500
up,20,881,-31.437,77.313,-50.000
up,20,891,-54.750,84.938,-72.938
up,20,901,-70.688,97.250,-85.813
up,20,911,-68.063,110.563,-80.375
up,20,921,-47.875,118.938,-59.250
up,20,931,-57.813,91.938,-57.250
up,20,941,-101.125,15.563,-69.375
up,20,951,-125.063,-33.813,-70.375
up,20,961,-131.687,-41.000,-58.438
up,20,971,-131.375,-13.438,-39.875
up,20,981,-132.562,10.438,-33.563
up,20,991,-139.500,21.125,-33.688
up,21,0,11.250,13.625,-6.250
up,21,10,12.500,15.625,-5.687
up,21,21,16.187,17.812,-3.625
up,21,31,19.562,19.812,-1.375
up,21,41,24.500,22.937,0.812
up,21,51,27.687,25.375,1.812
up,21,61,27.437,25.375,2.875
up,21,71,23.750,18.875,5.437
up,21,81,18.937,4.875,10.750
up,21,91,15.500,-14.875,19.062
up,21,101,15.688,-23.375,23.812
up,21,111,18.375,-22.500,25.625
up,21,121,24.937,-12.500,24.500
up,21,131,31.312,-1.062,22.312
up,21,141,36.813,12.438,20.937
up,21,151,42.875,31.000,22.250
up,21,161,50.875,43.563,25.312
up,21,171,64.500,51.188,31.562
up,21,181,88.313,48.875,37.500
up,21,191,104.125,40.500,41.250
up,21,201,107.938,30.625,40.688
up,21,211,97.500,31.562,36.125
up,21,221,78.938,42.500,29.125
up,21,231,50.750,63.438,21.500
up,21,241,32.875,78.438,20.687
up,21,251,26.562,86.563,27.562
up,21,261,28.187,79.313,44.063
up,21,271,22.812,55.125,56.938
up,21,281,8.750,21.562,67.625
up,21,291,-7.375,-12.313,80.688
up,21,301,-12.125,-25.812,88.813
up,21,311,-11.813,-35.563,90.063
up,21,321,-13.563,-43.625,83.625
up,21,331,-25.375,-47.813,74.500
up,21,341,-56.500,-41.938,66.313
up,21,351,-77.813,-32.188,66.125
up,21,361,-75.563,-25.250,73.250
up,21,371,-34.000,-30.125,90.125
up,21,381,10.875,-47.938,105.563
up,21,391,45.000,-72.813,116.875
up,21,401,59.813,-102.563,118.000
up,21,411,53.625,-124.063,109.250
up,21,421,34.750,-152.125,93.313
up,21,431,17.250,-172.312,80.000
up,21,441,6.250,-182.812,66.875
up,21,451,3.250,-177.125,52.750
up,21,461,2.625,-162.000,46.000
up,21,471,5.875,-147.312,42.875
up,21,481,23.812,-141.500,38.000
up,21,491,39.938,-147.375,30.875
up,21,501,46.313,-157.250,22.187
up,21,511,41.813,-167.687,10.813
up,21,521,34.000,-169.937,1.000
up,21,531,21.625,-165.000,-9.625
up,21,541,-0.500,-150.812,-12.125
up,21,551,-14.938,-134.625,-6.625
up,21,561,-18.937,-107.938,8.000
up,21,571,-11.313,-80.875,18.875
up,21,581,1.000,-49.063,24.375
up,21,591,13.875,-9.125,22.875
up,21,601,19.750,18.125,17.812
up,21,611,20.687,40.188,10.875
up,21,621,14.063,58.625,0.312
up,21,631,6.750,68.438,-7.625
up,21,641,1.562,77.000,-12.125
up,21,651,1.875,85.500,-10.563
up,21,661,8.000,88.375,-4.500
up,21,671,18.625,86.938,3.500
up,21,681,27.250,83.125,4.875
up,21,691,33.750,80.188,-1.375
up,21,701,34.000,83.563,-18.562
up,21,711,28.687,91.938,-33.063
up,21,721,24.312,99.125,-42.063
up,21,731,23.250,99.688,-43.000
up,21,741,23.250,93.125,-37.500
up,21,751,22.750,82.875,-29.625
up,21,761,21.812,68.750,-22.187
up,21,771,21.687,58.438,-21.687
up,21,781,20.437,47.813,-27.687
up,21,791,14.188,40.625,-37.563
up,21,801,4.687,44.563,-49.375
up,21,811,-4.875,56.000,-60.563
up,21,821,-5.062,63.813,-64.438
up,21,831,-1.437,68.313,-64.500
up,21,841,-1.125,68.625,-59.125
up,21,851,-7.062,65.813,-51.750
up,21,861,-16.500,64.000,-46.063
up,21,871,-25.625,65.563,-46.125
up,21,881,-31.625,66.125,-50.375
up,21,891,-42.438,63.063,-55.438
up,21,901,-60.063,57.063,-60.313
up,21,911,-69.000,53.875,-62.625
up,21,921,-62.563,68.125,-58.063
up,21,931,-51.188,89.438,-48.063
up,21,941,-48.250,95.563,-37.625
up,21,951,-52.563,74.813,-35.500
up,21,961,-57.563,55.688,-43.313
up,21,971,-69.250,48.000,-50.875
up,21,981,-88.813,47.500,-53.875
up,21,991,-98.625,46.375,-54.188
up,22,0,22.187,13.313,-1.937
up,22,10,26.812,15.750,-0.625
up,22,21,36.188,19.312,1.687
up,22,31,44.500,21.062,4.500
up,22,41,49.438,20.250,7.187
up,22,51,55.375,18.875,10.188
up,22,61,62.000,17.687,13.125
up,22,71,62.000,14.250,15.625
up,22,81,57.250,4.812,20.375
up,22,91,50.875,-14.750,30.937
up,22,101,50.500,-29.812,42.000
up,22,111,57.375,-38.500,52.188
up,22,121,74.063,-38.813,59.438
up,22,131,86.063,-32.875,60.313
up,22,141,93.500,-20.875,57.125
up,22,151,96.500,-8.938,55.000
up,22,161,103.313,3.438,57.125
up,22,171,123.750,16.125,66.813
up,22,181,147.125,19.250,77.813
up,22,191,164.437,13.063,89.438
up,22,201,163.187,-0.750,100.688
up,22,211,143.562,-6.187,103.375
up,22,221,112.625,-5.250,100.938
up,22,231,71.625,-6.187,94.313
up,22,241,50.313,-14.438,89.438
up,22,251,38.688,-25.937,84.063
up,22,261,18.437,-30.125,80.938
up,22,271,-5.937,-33.000,80.188
up,22,281,-23.750,-41.688,80.500
up,22,291,-17.875,-53.938,81.250
up,22,301,-0.875,-69.813,82.875
up,22,311,20.250,-91.688,84.500
up,22,321,28.000,-105.938,83.063
up,22,331,24.187,-112.000,78.125
up,22,341,9.250,-109.250,69.125
up,22,351,1.625,-104.875,60.250
up,22,361,1.625,-101.750,34.313
up,22,371,1.812,-94.000,37.125
up,22,381,-4.375,-84.250,27.250
up,22,391,-14.063,-75.875,17.125
up,22,401,-17.437,-74.813,9.438
up,22,411,-15.000,-75.250,1.875
up,22,421,-7.000,-70.875,-2.438
up,22,431,-1.000,-64.625,0.875
up,22,441,3.375,-60.000,8.500
up,22,451,8.250,-61.125,19.625
up,22,461,13.063,-68.875,26.437
up,22,471,13.188,-78.313,27.625
up,22,481,-5.937,-84.250,20.187
up,22,491,-27.937,-86.688,11.063
up,22,501,-38.500,-92.813,1.812
up,22,511,-34.188,-97.000,-3.000
up,22,521,-27.937,-94.188,-5.750
up,22,531,-21.375,-79.250,-5.562
up,22,541,-14.125,-62.125,-3.250
up,22,551,-4.750,-43.063,-0.687
up,22,561,5.312,-17.687,3.250
up,22,571,10.875,1.812,7.500
up,22,581,16.375,18.437,10.813
up,22,591,22.437,35.625,9.563
up,22,601,24.625,47.500,3.500
up,22,611,24.375,56.688,-4.375
up,22,621,20.250,63.500,-12.375
up,22,631,15.688,65.375,-15.688
up,22,641,12.688,64.813,-15.500
up,22,651,14.938,63.188,-11.250
up,22,661,21.125,60.563,-4.250
up,22,671,28.937,55.938,4.750
up,22,681,31.312,52.313,9.000
up,22,691,30.812,49.813,8.500
up,22,701,31.687,49.063,1.687
up,22,711,35.813,51.000,-7.062
up,22,721,38.438,54.375,-16.375
up,22,731,34.188,56.875,-25.125
up,22,741,26.687,54.875,-28.000
up,22,751,18.250,47.063,-26.875
up,22,761,14.125,38.438,-24.562
up,22,771,10.938,29.875,-23.625
up,22,781,2.750,24.812,-27.437
up,22,791,-5.875,28.625,-34.813
up,22,801,-8.688,37.438,-43.250
up,22,811,-2.500,52.250,-49.313
up,22,821,4.375,63.250,-48.750
up,22,831,10.000,71.313,-45.375
up,22,841,10.125,75.563,-42.563
up,22,851,0.750,71.500,-45.313
up,22,861,-19.125,63.500,-57.813
up,22,871,-46.563,56.188,-69.438
up,22,881,-58.063,54.625,-75.000
up,22,891,-61.438,56.500,-72.125
up,22,901,-60.875,60.000,-67.563
up,22,911,-61.438,64.063,-64.813
up,22,921,-67.688,73.500,-65.500
up,22,931,-76.875,77.313,-70.438
up,22,941,-87.750,57.313,-81.063
up,22,951,-100.063,22.625,-95.875
up,22,961,-106.500,14.563,-100.125
up,22,971,-104.750,23.562,-94.500
up,22,981,-92.938,40.813,-82.000
up,22,991,-91.375,51.750,-75.500
up,23,1,11.813,9.563,-4.312
up,23,11,18.437,14.063,-2.500
up,23,21,25.812,19.125,-0.625
up,23,31,34.750,27.625,2.188
up,23,41,38.563,35.188,4.250
up,23,51,39.375,42.000,7.062
up,23,61,39.625,47.313,13.938
up,23,71,40.563,45.813,21.125
up,23,81,43.625,37.250,27.875
up,23,91,48.813,21.687,34.750
up,23,101,48.688,10.813,39.375
up,23,111,47.563,4.000,44.000
up,23,121,56.938,2.125,50.250
up,23,131,70.938,6.125,55.000
up,23,141,82.688,17.437,60.000
up,23,151,88.625,28.312,64.563
up,23,161,99.000,32.125,70.188
up,23,171,116.563,16.437,78.563
up,23,181,129.437,-7.875,84.125
up,23,191,135.812,-32.250,85.500
up,23,201,128.562,-54.000,80.375
up,23,211,109.250,-62.938,72.625
up,23,221,81.875,-64.375,61.938
up,23,231,45.250,-56.000,44.000
up,23,241,17.875,-41.875,27.687
up,23,251,-9.625,-22.875,13.313
up,23,261,-44.125,1.312,13.250
up,23,271,-62.875,15.500,22.187
up,23,281,-62.188,23.812,33.875
up,23,291,-46.063,26.187,36.125
up,23,301,-30.937,27.562,29.812
up,23,311,-32.375,28.500,14.313
up,23,321,-49.375,26.562,1.375
up,23,331,-65.500,18.875,-8.500
up,23,341,-67.750,-0.625,-12.625
up,23,351,-60.875,-18.000,-6.062
up,23,361,-54.625,-30.750,8.625
up,23,371,-44.500,-41.063,32.250
up,23,381,-29.500,-48.938,50.313
up,23,391,-2.438,-60.563,67.188
up,23,401,18.375,-71.063,74.500
up,23,411,29.375,-84.313,77.188
up,23,421,26.750,-104.313,78.063
up,23,431,16.687,-119.188,79.500
up,23,441,6.187,-130.562,82.063
up,23,451,-1.750,-136.437,84.750
up,23,461,-0.250,-131.500,83.375
up,23,471,8.313,-119.500,78.938
up,23,481,18.687,-99.500,70.813
up,23,491,21.062,-83.250,63.938
up,23,501,19.687,-69.125,56.375
up,23,511,14.438,-54.625,51.250
up,23,521,9.938,-44.813,47.813
up,23,531,10.063,-35.000,46.250
up,23,541,13.188,-28.750,46.188
up,23,551,13.875,-22.312,46.000
up,23,561,10.750,-12.438,45.188
up,23,571,9.125,-3.563,43.813
up,23,581,10.500,5.500,40.750
up,23,591,12.938,16.687,32.875
up,23,601,12.313,25.000,24.312
up,23,611,11.000,30.687,15.938
up,23,621,10.563,31.812,7.375
up,23,631,9.688,28.937,2.000
up,23,641,6.562,23.375,-2.750
up,23,651,3.313,18.125,-4.562
up,23,661,0.500,11.875,-5.187
up,23,671,-0.562,3.500,-6.937
up,23,681,1.062,-0.562,-10.813
up,23,691,3.063,0.125,-16.625
up,23,701,6.812,5.750,-22.750
up,23,711,13.875,10.188,-22.750
up,23,721,22.437,11.750,-18.625
up,23,731,28.812,10.250,-11.625
up,23,741,30.375,6.562,-6.125
up,23,751,28.125,-15.375,0.625
up,23,761,19.625,-6.125,4.187
up,23,771,11.750,-7.250,3.875
up,23,781,3.563,-1.187,-2.375
up,23,791,-3.063,5.750,-10.063
up,23,801,-9.875,12.250,-18.250
up,23,811,-23.187,21.875,-27.437
up,23,821,-35.188,31.312,-32.000
up,23,831,-38.813,36.875,-32.875
up,23,841,-35.375,35.563,-31.750
up,23,851,-36.250,38.500,-34.438
up,23,861,-40.188,52.625,-43.000
up,23,871,-45.563,71.438,-60.250
up,23,881,-47.438,81.938,-72.375
up,23,891,-46.313,94.625,-81.688
up,23,901,-48.188,106.250,-87.625
up,23,911,-53.875,114.813,-91.688
up,23,921,-60.750,115.625,-88.813
up,23,931,-66.813,111.438,-81.375
up,23,941,-76.500,108.375,-75.500
up,23,951,-101.000,76.938,-78.688
up,23,961,-123.563,31.437,-87.500
up,23,971,-134.375,4.437,-98.063
up,23,981,-128.250,18.625,-107.375
up,23,991,-108.438,44.250,-106.875
up,24,1,5.437,-0.187,-0.875
up,24,11,8.438,0.625,-0.375
up,24,21,11.250,0.625,-0.312
up,24,31,15.313,0.250,-0.437
up,24,41,21.062,0.437,-0.312
up,24,51,25.125,1.312,0.375
up,24,61,28.687,2.188,1.687
up,24,71,33.250,1.937,3.313
up,24,81,37.125,-0.187,4.125
up,24,91,40.750,-3.375,5.562
up,24,101,46.813,-6.000,7.687
up,24,111,54.688,-5.125,10.750
up,24,121,68.563,-1.062,15.125
up,24,131,81.375,2.125,18.250
up,24,141,92.438,3.563,20.375
up,24,151,100.938,1.875,22.812
up,24,161,106.313,-1.000,26.000
up,24,171,113.750,-2.063,30.125
up,24,181,124.188,1.250,35.500
up,24,191,131.687,3.875,40.125
up,24,201,138.500,1.250,46.313
up,24,211,148.250,-10.625,59.063
up,24,221,156.375,-23.500,74.438
up,24,231,157.625,-38.000,96.125
up,24,241,146.187,-47.500,109.500
up,24,251,123.250,-57.625,115.375
up,24,261,81.063,-70.000,112.688
up,24,271,44.563,-74.688,105.000
up,24,281,16.062,-71.438,94.188
up,24,291,-0.062,-59.688,81.875
up,24,301,7.000,-52.375,79.250
up,24,311,30.750,-55.813,85.125
up,24,321,63.125,-76.500,96.563
up,24,331,75.000,-96.938,100.688
up,24,341,70.500,-112.250,94.875
up,24,351,50.688,-123.438,83.563
up,24,361,31.937,-129.125,70.438
up,24,371,7.687,-131.562,54.813
up,24,381,-11.688,-128.125,43.375
up,24,391,-29.000,-120.125,32.438
up,24,401,-43.125,-104.438,20.125
up,24,411,-43.813,-87.625,15.188
up,24,421,-33.250,-69.938,17.437
up,24,431,-12.938,-53.000,28.125
up,24,441,-0.500,-45.500,38.563
up,24,451,5.562,-42.063,46.250
up,24,461,11.063,-41.375,48.563
up,24,471,15.688,-43.938,45.750
up,24,481,14.875,-50.750,39.438
up,24,491,6.937,-57.625,32.250
up,24,501,-3.750,-64.938,23.562
up,24,511,-12.000,-73.688,14.813
up,24,521,-12.750,-77.063,12.250
up,24,531,-12.188,-75.000,13.313
up,24,541,-12.500,-66.125,17.375
up,24,551,-11.188,-55.813,20.687
up,24,561,-6.062,-43.313,21.875
up,24,571,2.125,-24.500,19.812
up,24,581,5.562,-8.875,17.062
up,24,591,6.125,4.750,14.688
up,24,601,5.687,18.875,14.313
up,24,611,4.875,29.500,15.063
up,24,621,4.125,41.125,17.250
up,24,631,4.125,47.000,19.250
up,24,641,5.312,50.188,19.937
up,24,651,9.375,52.375,16.437
up,24,661,12.750,52.563,10.250
up,24,671,13.000,51.563,2.438
up,24,681,8.375,50.625,-6.937
up,24,691,4.375,50.500,-12.375
up,24,701,2.188,48.625,-15.375
up,24,711,0.375,42.125,-15.313
up,24,721,-0.187,35.875,-13.563
up,24,731,3.500,31.187,-12.750
up,24,741,10.188,32.500,-14.438
up,24,751,16.125,38.625,-17.562
up,24,761,17.875,49.063,-22.500
up,24,771,15.250,55.750,-27.250
up,24,781,11.688,60.688,-32.125
up,24,791,10.625,65.688,-36.313
up,24,801,12.938,69.813,-36.563
up,24,811,17.062,74.188,-34.750
up,24,821,21.375,77.438,-33.000
up,24,831,19.687,79.063,-34.438
up,24,841,13.750,81.188,-39.563
up,24,851,5.937,83.000,-42.813
up,24,861,2.938,82.438,-42.125
up,24,871,3.750,76.125,-37.188
up,24,881,4.375,65.750,-36.000
up,24,891,0.812,56.438,-42.250
up,24,901,-8.500,57.500,-57.125
up,24,911,-11.250,66.875,-62.938
up,24,921,-5.937,79.875,-60.938
up,24,931,-7.125,93.750,-59.188
up,24,941,-26.937,94.125,-63.188
up,24,951,-52.625,82.313,-67.438
up,24,961,-73.938,56.250,-69.500
up,24,971,-82.875,20.250,-71.000
up,24,981,-92.563,-26.812,-69.688
up,24,991,-107.063,-37.375,-65.875
up,25,1,7.312,5.562,-4.812
up,25,11,7.875,5.875,-6.312
up,25,21,8.500,5.375,-6.875
up,25,31,12.000,3.188,-4.937
up,25,41,17.000,1.000,-1.062
up,25,51,22.625,-0.375,3.875
up,25,61,30.187,-0.750,10.000
up,25,71,37.063,-0.562,14.375
up,25,81,44.500,-0.625,18.187
up,25,91,53.750,-1.437,22.062
up,25,101,62.063,-2.563,24.250
up,25,111,71.313,-3.688,25.937
up,25,121,82.375,-4.000,28.500
up,25,131,89.500,-2.875,31.687
up,25,141,97.125,1.062,38.875
up,25,151,109.563,6.062,46.688
up,25,161,119.313,8.000,54.188
up,25,171,124.563,0.875,59.375
up,25,181,122.750,-9.063,58.688
up,25,191,119.938,-19.812,55.250
up,25,201,118.000,-36.563,50.750
up,25,211,114.188,-51.750,48.813
up,25,221,106.625,-63.438,48.125
up,25,231,97.313,-67.313,49.250
up,25,241,93.875,-62.500,54.813
up,25,251,91.438,-57.000,66.938
up,25,261,85.250,-58.500,86.250
up,25,271,72.438,-65.938,96.063
up,25,281,39.063,-74.813,92.250
up,25,291,3.375,-76.625,76.875
up,25,301,-30.187,-72.625,56.125
up,25,311,-57.875,-62.875,30.562
up,25,321,-66.625,-54.875,12.875
up,25,331,-66.813,-47.875,-1.375
up,25,341,-60.125,-40.625,-10.563
up,25,351,-47.188,-40.688,-6.812
up,25,361,-26.250,-50.250,8.313
up,25,371,4.500,-70.625,34.313
up,25,381,22.062,-85.500,49.063
up,25,391,25.062,-95.000,49.313
up,25,401,6.812,-95.625,37.375
up,25,411,-18.500,-92.438,22.750
up,25,421,-44.813,-87.688,10.375
up,25,431,-50.688,-86.250,8.875
up,25,441,-41.063,-88.188,14.000
up,25,451,-13.188,-97.500,26.375
up,25,461,10.063,-110.938,37.063
up,25,471,23.437,-126.125,45.250
up,25,481,21.562,-141.562,50.438
up,25,491,12.188,-148.750,51.500
up,25,501,4.750,-149.625,51.438
up,25,511,1.937,-139.000,51.750
up,25,521,3.438,-120.688,54.313
up,25,531,10.688,-87.688,59.625
up,25,541,21.125,-54.938,62.875
up,25,551,32.625,-20.625,62.875
up,25,561,42.563,15.563,58.625
up,25,571,44.938,34.000,53.438
up,25,581,42.813,41.688,47.688
up,25,591,35.000,39.625,39.813
up,25,601,26.000,34.625,32.438
up,25,611,17.687,32.375,22.875
up,25,621,11.438,38.188,7.562
up,25,631,10.125,48.250,-4.812
up,25,641,11.375,59.063,-15.188
up,25,651,15.188,60.438,-17.937
up,25,661,17.375,54.063,-17.562
up,25,671,16.187,37.875,-16.687
up,25,681,11.500,22.125,-18.375
up,25,691,4.000,9.250,-22.875
up,25,701,-7.000,4.437,-32.875
up,25,711,-13.938,12.688,-43.938
up,25,721,-18.125,30.750,-54.813
up,25,731,-17.437,56.438,-60.875
up,25,741,-10.250,67.375,-57.375
up,25,751,-2.375,65.500,-47.375
up,25,761,-2.188,52.750,-40.750
up,25,771,-11.500,42.438,-39.063
up,25,781,-27.125,38.250,-43.188
up,25,791,-32.938,45.000,-48.500
up,25,801,-28.875,58.313,-52.563
up,25,811,-14.813,78.188,-54.313
up,25,821,-3.938,94.250,-53.438
up,25,831,3.500,108.188,-50.875
up,25,841,11.250,114.625,-46.188
up,25,851,13.250,108.625,-42.063
up,25,861,6.500,95.688,-39.438
up,25,871,-11.875,80.500,-39.750
up,25,881,-27.937,83.188,-40.375
up,25,891,-43.375,98.563,-37.750
up,25,901,-46.875,107.750,-34.813
up,25,911,-44.063,114.063,-34.938
up,25,921,-35.000,116.375,-38.938
up,25,931,-27.000,116.813,-41.688
up,25,941,-26.187,116.688,-46.063
up,25,951,-47.938,102.563,-61.250
up,25,961,-73.563,79.188,-72.063
up,25,971,-87.438,60.000,-72.000
up,25,981,-87.438,57.188,-62.313
up,25,991,-84.750,62.625,-57.563
up,26,1,16.062,11.375,-6.812
up,26,11,18.625,10.875,-2.375
up,26,21,23.562,11.500,1.062
up,26,31,28.750,14.500,1.937
up,26,41,35.250,19.937,1.312
up,26,51,44.688,29.687,-0.812
up,26,61,52.500,38.000,-2.063
up,26,71,62.938,45.625,-0.937
up,26,81,80.625,52.500,5.875
up,26,91,94.063,53.313,16.062
up,26,101,105.063,47.188,32.438
up,26,111,117.813,33.125,44.938
up,26,121,124.313,20.687,55.125
up,26,131,121.188,2.750,62.750
up,26,141,107.063,-11.813,63.313
up,26,151,87.688,-20.750,61.313
up,26,161,71.500,-20.750,65.438
up,26,171,67.938,-18.125,79.000
up,26,181,68.750,-25.000,98.063
up,26,191,71.313,-55.188,118.375
up,26,201,69.875,-86.063,127.250
up,26,211,62.563,-110.063,131.250
up,26,221,49.125,-125.813,132.000
up,26,231,36.563,-129.687,126.188
up,26,241,12.938,-127.625,106.875
up,26,251,-11.250,-122.875,85.125
up,26,261,-35.750,-115.500,64.125
up,26,271,-60.688,-102.750,43.875
up,26,281,-71.938,-89.813,32.500
up,26,291,-75.250,-73.563,26.437
up,26,301,-73.438,-51.938,29.187
up,26,311,-65.688,-44.063,39.250
up,26,321,-47.750,-47.563,50.563
up,26,331,-18.187,-58.000,56.688
up,26,341,-2.625,-64.625,53.063
up,26,351,1.187,-69.875,42.438
up,26,361,-2.000,-73.500,35.125
up,26,371,-3.500,-77.375,32.313
up,26,381,3.438,-83.063,35.563
up,26,391,12.938,-91.125,41.063
up,26,401,17.375,-102.563,43.688
up,26,411,10.938,-117.375,39.750
up,26,421,2.375,-127.125,31.937
up,26,431,-5.937,-133.500,21.000
up,26,441,-21.187,-134.687,5.375
up,26,451,-34.125,-129.250,-4.500
up,26,461,-40.063,-117.250,-9.063
up,26,471,-35.125,-90.500,-9.188
up,26,481,-25.562,-59.313,-7.125
up,26,491,-14.125,-19.875,-3.000
up,26,501,-8.313,5.500,0.500
up,26,511,-6.062,28.562,2.438
up,26,521,-5.812,48.313,2.313
up,26,531,-3.500,54.938,1.187
up,26,541,1.437,59.125,-0.437
up,26,551,9.125,66.625,-3.875
up,26,561,13.938,73.313,-8.188
up,26,571,14.313,77.625,-13.125
up,26,581,9.313,77.625,-17.437
up,26,591,5.375,74.188,-18.187
up,26,601,4.812,69.500,-16.625
up,26,611,10.188,68.188,-13.438
up,26,621,18.937,67.250,-8.938
up,26,631,30.312,61.750,-5.250
up,26,641,33.813,54.938,-7.625
up,26,651,30.250,50.313,-16.750
up,26,661,20.937,50.750,-35.563
up,26,671,17.000,53.188,-51.125
up,26,681,16.312,53.938,-61.250
up,26,691,12.250,50.188,-61.938
up,26,701,4.187,43.875,-53.438
up,26,711,-3.938,35.000,-40.125
up,26,721,-9.250,20.812,-22.125
up,26,731,-11.813,8.688,-11.438
up,26,741,-13.688,-0.500,-7.312
up,26,751,-11.313,3.688,-12.250
up,26,761,-6.812,21.125,-22.312
up,26,771,2.000,52.438,-37.500
up,26,781,11.250,74.563,-47.750
up,26,791,18.812,87.125,-54.375
up,26,801,21.875,84.938,-56.875
up,26,811,16.937,76.000,-58.000
up,26,821,5.812,73.813,-60.313
up,26,831,-1.562,79.563,-59.438
up,26,841,-3.250,86.625,-57.375
up,26,851,-11.563,94.375,-61.188
up,26,861,-23.437,91.750,-68.125
up,26,871,-23.062,84.500,-72.938
up,26,881,-7.875,84.438,-68.375
up,26,891,1.437,73.000,-61.250
up,26,901,-3.938,38.875,-56.250
up,26,911,-29.125,-4.250,-53.500
up,26,921,-61.125,-14.875,-55.063
up,26,931,-94.000,-8.938,-60.438
up,26,941,-113.375,2.438,-64.625
up,26,951,-105.250,16.562,-59.938
up,26,961,-80.750,31.937,-48.313
up,26,971,-43.188,43.188,-32.688
up,26,981,-30.062,53.875,-27.750
up,26,991,-51.438,50.563,-31.437
up,27,1,3.563,6.625,-6.062
up,27,11,3.500,9.500,-5.250
up,27,21,6.500,12.563,-2.313
up,27,31,11.500,14.375,1.500
up,27,41,18.187,17.000,5.937
up,27,51,28.937,23.125,11.250
up,27,61,39.500,29.687,13.875
up,27,71,49.688,35.438,14.813
up,27,81,59.375,39.375,15.563
up,27,91,65.688,39.500,18.000
up,27,101,71.938,38.563,22.562
up,27,111,75.875,37.438,31.875
up,27,121,75.500,35.188,41.313
up,27,131,75.688,29.375,51.500
up,27,141,76.063,26.500,55.125
up,27,151,73.500,28.125,54.500
up,27,161,70.250,32.063,51.250
up,27,171,71.375,30.625,48.875
up,27,181,75.250,22.687,45.875
up,27,191,80.938,7.562,41.813
up,27,201,85.313,-7.187,39.500
up,27,211,89.688,-26.500,40.625
up,27,221,95.625,-56.625,47.625
up,27,231,94.063,-79.625,52.625
up,27,241,78.625,-96.000,49.063
up,27,251,49.000,-98.250,35.500
up,27,261,28.812,-94.500,14.875
up,27,271,-0.187,-82.000,-12.938
up,27,281,-32.313,-64.063,-31.187
up,27,291,-62.063,-41.313,-43.688
up,27,301,-77.375,-11.125,-49.875
up,27,311,-67.188,9.625,-47.000
up,27,321,-42.375,23.250,-37.813
up,27,331,-9.125,29.312,-19.687
up,27,341,7.187,29.375,-1.062
up,27,351,13.875,26.687,19.250
up,27,361,15.250,12.500,37.625
up,27,371,7.312,-8.563,40.750
up,27,381,-16.437,-37.375,36.063
up,27,391,-36.688,-57.625,33.375
up,27,401,-51.125,-75.438,34.625
up,27,411,-56.438,-95.188,40.750
up,27,421,-49.938,-108.813,47.750
up,27,431,-38.563,-120.688,55.938
up,27,441,-25.250,-134.937,64.313
up,27,451,-17.625,-147.812,65.938
up,27,461,-15.688,-158.312,63.438
up,27,471,-23.187,-161.375,61.563
up,27,481,-31.625,-152.812,65.938
up,27,491,-35.563,-129.812,77.500
up,27,501,-28.750,-105.938,86.875
up,27,511,-14.188,-80.250,92.563
up,27,521,10.125,-48.875,92.375
up,27,531,26.062,-25.937,85.313
up,27,541,31.437,-5.125,72.688
up,27,551,23.375,17.375,54.875
up,27,561,15.313,31.312,45.375
up,27,571,16.812,39.875,42.313
up,27,581,30.562,43.000,42.500
up,27,591,38.750,42.125,39.250
up,27,601,38.438,40.188,31.125
up,27,611,29.875,36.813,18.812
up,27,621,23.375,32.875,11.375
up,27,631,22.375,26.187,6.437
up,27,641,25.250,20.937,4.687
up,27,651,27.187,16.687,3.438
up,27,661,27.125,11.750,1.750
up,27,671,25.000,8.000,0.875
up,27,681,20.437,4.437,0.500
up,27,691,15.438,-1.812,0.687
up,27,701,15.625,-8.813,3.000
up,27,711,19.187,-16.312,8.625
up,27,721,20.687,-23.750,17.812
up,27,731,16.375,-26.375,22.625
up,27,741,11.938,-26.937,21.875
up,27,751,9.188,-23.875,15.688
up,27,761,6.562,-15.438,5.000
up,27,771,2.250,1.000,-11.250
up,27,781,-0.312,15.313,-22.750
up,27,791,-1.250,29.812,-32.313
up,27,801,-1.187,50.000,-42.125
up,27,811,-1.312,66.250,-46.000
up,27,821,-1.000,78.438,-44.875
up,27,831,1.062,83.000,-40.438
up,27,841,0.437,81.688,-39.813
up,27,851,-3.688,84.063,-44.563
up,27,861,-6.500,96.813,-52.625
up,27,871,-7.312,104.000,-54.188
up,27,881,-10.688,101.625,-50.563
up,27,891,-13.188,92.625,-47.688
up,27,901,-14.438,84.375,-46.875
up,27,911,-17.000,75.250,-47.438
up,27,921,-28.687,65.000,-49.813
up,27,931,-52.688,58.750,-53.875
up,27,941,-86.813,59.688,-61.813
up,27,951,-100.188,57.750,-65.938
up,27,961,-86.250,47.938,-61.500
up,27,971,-40.375,32.188,-46.875
up,27,981,-13.750,22.750,-39.438
up,27,991,-16.437,16.000,-44.500
up,28,1,12.375,9.688,-5.125
up,28,11,15.625,10.063,-2.750
up,28,21,18.125,7.812,-0.437
up,28,31,20.937,7.125,0.375
up,28,41,24.625,9.188,0.687
up,28,51,31.500,14.188,1.125
up,28,61,36.875,18.125,1.500
up,28,71,40.750,20.125,2.125
up,28,81,43.188,18.125,5.062
up,28,91,44.250,12.125,10.188
up,28,101,48.625,3.063,17.125
up,28,111,62.125,-8.563,24.937
up,28,121,75.125,-14.875,28.562
up,28,131,83.563,-17.687,30.062
up,28,141,83.000,-21.500,30.937
up,28,151,78.688,-30.125,32.313
up,28,161,79.500,-44.938,35.313
up,28,171,86.938,-54.125,37.313
up,28,181,95.688,-59.875,38.375
up,28,191,100.563,-64.250,39.938
up,28,201,97.063,-66.813,43.625
up,28,211,90.313,-69.813,50.063
up,28,221,81.688,-75.813,57.750
up,28,231,72.750,-81.500,58.313
up,28,241,56.438,-85.188,51.938
up,28,251,23.375,-82.063,37.125
up,28,261,-4.875,-73.563,24.437
up,28,271,-43.375,-60.313,13.000
up,28,281,-48.500,-49.313,5.687
up,28,291,-62.188,-40.813,-3.188
up,28,301,-69.563,-43.063,-12.375
up,28,311,-63.813,-53.000,-10.563
up,28,321,-53.250,-62.000,2.063
up,28,331,-41.750,-69.875,22.687
up,28,341,-34.125,-79.063,34.063
up,28,351,-32.000,-92.625,37.438
up,28,361,-41.625,-108.875,32.438
up,28,371,-53.438,-115.188,25.500
up,28,381,-62.063,-110.875,19.312
up,28,391,-64.500,-92.688,14.063
up,28,401,-58.875,-78.000,13.563
up,28,411,-43.188,-72.688,19.625
up,28,421,-23.250,-77.500,27.375
up,28,431,-0.562,-83.125,33.625
up,28,441,15.688,-86.313,36.688
up,28,451,13.875,-86.938,37.250
up,28,461,4.625,-88.563,38.188
up,28,471,-6.437,-94.188,38.938
up,28,481,-11.625,-98.000,37.500
up,28,491,-14.500,-95.250,34.563
up,28,501,-15.250,-79.438,32.000
up,28,511,-13.188,-61.125,32.500
up,28,521,-7.312,-38.688,36.000
up,28,531,-0.187,-24.437,41.063
up,28,541,8.500,-14.125,48.125
up,28,551,18.375,-6.000,56.813
up,28,561,21.562,-1.312,60.188
up,28,571,20.125,5.000,58.188
up,28,581,15.063,17.062,49.750
up,28,591,11.500,27.125,42.000
up,28,601,9.938,33.750,35.375
up,28,611,10.625,36.063,27.687
up,28,621,11.625,35.750,21.562
up,28,631,12.563,34.313,16.125
up,28,641,14.688,30.687,13.813
up,28,651,16.875,27.062,11.313
up,28,661,17.187,24.437,6.000
up,28,671,15.125,25.000,0.625
up,28,681,12.688,27.187,-4.625
up,28,691,10.500,30.812,-10.125
up,28,701,8.563,33.375,-13.938
up,28,711,6.250,34.875,-17.250
up,28,721,5.250,35.313,-18.937
up,28,731,7.312,35.563,-17.750
up,28,741,12.000,36.813,-15.813
up,28,751,18.125,39.500,-15.438
up,28,761,19.937,41.188,-17.312
up,28,771,19.812,41.438,-19.562
up,28,781,21.312,39.563,-20.000
up,28,791,24.125,35.813,-18.750
up,28,801,27.187,28.687,-14.563
up,28,811,26.562,21.125,-9.500
up,28,821,21.687,13.188,-5.125
up,28,831,13.125,6.687,-5.000
up,28,841,10.625,7.937,-9.438
up,28,851,16.687,15.688,-13.625
up,28,861,30.937,27.687,-12.250
up,28,871,37.688,33.188,-7.437
up,28,881,34.313,33.500,-3.438
up,28,891,18.375,31.125,-4.750
up,28,901,3.313,30.625,-10.750
up,28,911,-12.938,34.625,-25.312
up,28,921,-18.875,44.438,-39.125
up,28,931,-20.187,62.438,-49.875
up,28,941,-18.250,88.438,-51.313
up,28,951,-9.938,100.813,-45.250
up,28,961,-3.250,102.188,-40.750
up,28,971,-17.562,88.375,-43.938
up,28,981,-46.688,68.438,-53.188
up,28,991,-81.313,50.750,-66.375
up,29,1,2.313,3.438,3.000
up,29,11,5.062,5.187,2.688
up,29,21,5.250,6.687,0.812
up,29,31,6.562,9.625,-1.312
up,29,41,15.063,13.875,-1.187
up,29,51,27.000,20.562,0.250
up,29,61,44.875,32.563,1.750
up,29,71,61.438,43.625,1.937
up,29,81,81.625,53.750,1.125
up,29,91,105.813,60.188,0.562
up,29,101,115.000,57.438,6.000
up,29,111,115.813,48.500,17.937
up,29,121,118.313,34.125,33.500
up,29,131,121.625,24.250,40.563
up,29,141,117.250,16.937,43.375
up,29,151,104.750,7.562,49.625
up,29,161,103.875,-3.250,60.313
up,29,171,112.625,-17.812,75.250
up,29,181,111.938,-24.750,81.750
up,29,191,98.250,-27.000,82.375
up,29,201,76.625,-30.000,81.313
up,29,211,69.063,-40.563,81.938
up,29,221,70.500,-61.188,82.938
up,29,231,71.688,-92.125,83.563
up,29,241,63.813,-111.625,85.500
up,29,251,50.563,-122.938,89.375
up,29,261,34.438,-126.438,94.625
up,29,271,25.500,-121.938,96.750
up,29,281,20.250,-110.500,92.313
up,29,291,11.125,-100.250,80.938
up,29,301,-6.375,-89.188,64.063
up,29,311,-38.250,-70.875,41.563
up,29,321,-60.625,-52.500,29.437
up,29,331,-68.000,-35.125,26.875
up,29,341,-51.000,-27.500,35.375
up,29,351,-24.312,-36.938,44.500
up,29,361,-0.625,-49.750,49.750
up,29,371,6.937,-52.813,47.500
up,29,381,-1.125,-46.625,40.688
up,29,391,-11.688,-40.750,17.312
up,29,401,-23.812,-34.938,28.062
up,29,411,-29.875,-28.500,28.625
up,29,421,-27.750,-20.437,36.813
up,29,431,-18.062,-20.250,47.563
up,29,441,-5.375,-27.750,57.313
up,29,451,6.500,-41.750,62.313
up,29,461,11.000,-52.188,60.500
up,29,471,11.250,-60.938,56.563
up,29,481,5.562,-69.000,51.750
up,29,491,-2.250,-71.313,50.313
up,29,501,-8.250,-68.688,52.063
up,29,511,-8.375,-60.000,57.500
up,29,521,-4.312,-49.875,62.875
up,29,531,0.875,-30.250,68.438
up,29,541,7.000,-14.875,69.750
up,29,551,12.875,-3.875,67.375
up,29,561,20.687,6.937,60.375
up,29,571,23.125,16.000,53.813
up,29,581,21.750,24.562,48.500
up,29,591,19.437,32.313,43.438
up,29,601,19.937,36.063,38.375
up,29,611,23.312,38.063,31.937
up,29,621,31.500,36.188,24.375
up,29,631,38.000,30.312,20.375
up,29,641,40.625,20.625,0.187
up,29,651,35.500,6.375,5.625
up,29,661,25.937,-1.937,-7.562
up,29,671,14.750,-5.312,-22.750
up,29,681,13.000,-6.250,-27.000
up,29,691,17.312,-10.188,-22.750
up,29,701,20.187,-18.187,-13.750
up,29,711,15.188,-20.937,-11.313
up,29,721,9.000,-17.375,-14.500
up,29,731,8.438,-8.563,-21.500
up,29,741,8.813,-3.750,-26.187
up,29,751,4.375,-0.687,-29.875
up,29,761,-4.625,5.812,-34.750
up,29,771,-9.563,14.563,-38.750
up,29,781,-9.563,28.437,-40.750
up,29,791,-2.688,40.000,-37.688
up,29,801,3.125,49.500,-31.375
up,29,811,-0.812,57.938,-25.062
up,29,821,-13.500,63.063,-25.687
up,29,831,-25.750,66.500,-31.625
up,29,841,-30.125,70.313,-42.250
up,29,851,-24.562,74.625,-48.438
up,29,861,-16.062,78.938,-49.438
up,29,871,-9.313,89.750,-47.188
up,29,881,-6.937,104.063,-47.563
up,29,891,-7.312,118.625,-51.750
up,29,901,-13.250,127.375,-55.688
up,29,911,-22.562,121.250,-55.188
up,29,921,-52.813,102.750,-59.875
up,29,931,-93.063,85.875,-68.563
up,29,941,-125.313,68.438,-76.313
up,29,951,-138.312,41.625,-84.125
up,29,961,-130.187,25.250,-84.250
up,29,971,-108.063,29.562,-76.000
up,29,981,-74.438,49.500,-61.313
up,29,991,-56.938,59.500,-55.750
up,30,1,3.125,5.000,-4.750
up,30,10,5.812,5.312,-4.000
up,30,21,11.188,7.312,-1.812
up,30,31,17.625,8.938,0.875
up,30,41,27.000,9.125,5.312
up,30,51,34.063,7.437,9.438
up,30,61,40.625,4.812,13.750
up,30,71,48.813,1.875,18.625
up,30,81,55.750,0.000,22.000
up,30,91,63.750,-2.063,24.875
up,30,101,76.250,-4.562,28.437
up,30,111,88.438,-5.562,31.500
up,30,121,105.688,-5.750,34.750
up,30,131,120.188,-6.625,36.313
up,30,141,133.187,-9.375,37.500
up,30,151,145.437,-15.563,39.313
up,30,161,150.312,-21.625,41.375
up,30,171,148.125,-28.125,43.750
up,30,181,137.500,-37.438,47.563
up,30,191,128.000,-44.875,51.938
up,30,201,119.563,-51.500,58.375
up,30,211,110.750,-59.438,69.563
up,30,221,103.563,-67.000,78.375
up,30,231,93.750,-76.813,86.063
up,30,241,76.500,-91.688,91.250
up,30,251,63.750,-103.938,98.375
up,30,261,53.063,-117.813,108.625
up,30,271,45.813,-125.813,114.250
up,30,281,37.563,-128.687,115.625
up,30,291,26.562,-125.188,111.625
up,30,301,17.312,-121.500,104.000
up,30,311,10.188,-119.563,93.875
up,30,321,9.375,-117.938,83.938
up,30,331,9.563,-116.313,83.000
up,30,341,6.812,-113.688,87.000
up,30,351,3.813,-109.000,94.625
up,30,361,2.875,-107.813,98.500
up,30,371,4.375,-113.625,96.500
up,30,381,6.875,-117.000,91.313
up,30,391,4.437,-112.750,85.188
up,30,401,-11.188,-96.938,75.250
up,30,411,-27.687,-80.375,66.313
up,30,421,-41.625,-64.125,59.625
up,30,431,-52.375,-47.938,56.000
up,30,441,-52.500,-40.250,54.375
up,30,451,-44.688,-38.000,52.500
up,30,461,-31.875,-39.375,51.250
up,30,471,-26.000,-39.125,51.750
up,30,481,-23.312,-37.625,52.938
up,30,491,-20.500,-38.750,52.250
up,30,501,-18.437,-41.938,49.875
up,30,511,-15.188,-42.125,47.000
up,30,521,-11.000,-35.125,45.750
up,30,531,-6.750,-21.875,45.500
up,30,541,-3.313,0.187,46.563
up,30,551,-2.000,20.000,47.750
up,30,561,-1.312,39.938,47.813
up,30,571,0.250,63.063,45.063
up,30,581,2.375,78.125,41.188
up,30,591,5.062,87.875,37.188
up,30,601,8.313,92.125,33.188
up,30,611,9.000,91.313,30.875
up,30,621,8.063,88.250,29.375
up,30,631,7.937,85.813,28.937
up,30,641,8.500,84.125,27.375
up,30,651,8.000,84.063,21.062
up,30,661,5.062,85.563,12.500
up,30,671,0.125,86.813,3.063
up,30,681,-5.625,84.250,-6.750
up,30,691,-7.625,76.938,-11.563
up,30,701,-8.500,65.375,-13.188
up,30,711,-9.750,49.188,-11.000
up,30,721,-9.500,40.063,-7.937
up,30,731,-8.000,37.813,-7.312
up,30,741,-6.062,44.375,-12.000
up,30,751,-6.187,54.563,-20.437
up,30,761,-7.125,68.625,-32.000
up,30,771,-6.375,76.688,-39.125
up,30,781,-5.375,80.063,-44.125
up,30,791,-6.687,79.563,-48.625
up,30,801,-9.813,77.375,-51.063
up,30,811,-11.375,74.750,-52.250
up,30,821,-7.750,73.438,-54.063
up,30,831,-3.188,75.750,-57.625
up,30,841,-1.937,80.375,-62.375
up,30,851,-8.438,84.000,-67.625
up,30,861,-17.812,83.375,-69.563
up,30,871,-27.625,78.125,-68.625
up,30,881,-30.250,73.000,-66.813
up,30,891,-26.937,69.625,-67.938
up,30,901,-23.187,72.063,-76.750
up,30,911,-29.375,80.875,-84.750
up,30,921,-40.438,91.750,-85.438
up,30,931,-47.750,101.000,-75.688
up,30,941,-47.063,98.188,-69.125
up,30,951,-49.313,85.688,-68.938
up,30,961,-63.438,66.063,-75.500
up,30,971,-76.188,58.563,-82.438
up,30,981,-82.938,68.063,-86.125
up,30,991,-85.375,75.563,-85.438
